id,name,sido,sgg,sido_sgg
NAI0208601,망우역,서울,서울,서울 서울
NAI0215101,상봉,서울,서울,서울 서울
NAI1100001,연천,경기도,연천,경기도 연천
NAI1101401,연천역,경기도,연천,경기도 연천
NAI1101501,연천군청,경기도,연천,경기도 연천
NAI1102801,전곡,경기도,연천,경기도 연천
NAI1110103,관인,경기도,포천,경기도 포천
NAI1110201,송정검문소,경기도,포천,경기도 포천
NAI1110203,팔오동,경기도,포천,경기도 포천
NAI1110204,자일리,경기도,포천,경기도 포천
NAI1110601,운천,경기도,포천,경기도 포천
NAI1110901,야미리,경기도,포천,경기도 포천
NAI1112301,화현,경기도,포천,경기도 포천
NAI1112702,성동2리,경기도,포천,경기도 포천
NAI1112801,성동,경기도,포천,경기도 포천
NAI1112901,양문,경기도,포천,경기도 포천
NAI1113901,만세교,경기도,포천,경기도 포천
NAI1114501,포천,경기도,포천,경기도 포천
NAI1115801,군단앞(포천),경기도,포천,경기도 포천
NAI1116401,가산,경기도,포천,경기도 포천
NAI1116901,송우리,경기도,포천,경기도 포천
NAI1118401,축석고개,경기도,포천,경기도 포천
NAI1118802,소학리,경기도,포천,경기도 포천
NAI1149601,성모병원,경기도,부천,경기도 부천
NAI1150101,양주,경기도,양주,경기도 양주
NAI1174901,의정부,경기도,의정부,경기도 의정부
NAI1176001,경기도북부청사,경기도,의정부,경기도 의정부
NAI1194401,구리,경기도,구리,경기도 구리
NAI1196001,구리요금소,경기도,구리,경기도 구리
NAI1201901,광릉내(진접),경기도,남양주,경기도 남양주
NAI1202001,광릉내,경기도,남양주,경기도 남양주
NAI1210801,신일유토빌,경기도,의정부,경기도 의정부
NAI1214301,현대아이파크,경기도,의정부,경기도 의정부
NAI1217901,마석,경기도,남양주,경기도 남양주
NAI1221701,평내,경기도,남양주,경기도 남양주
NAI1223201,남양주,경기도,남양주,경기도 남양주
NAI1223501,금곡(남양주),경기도,남양주,경기도 남양주
NAI1241901,레일바이크,경기도,수원,경기도 수원
NAI1242001,가평,경기도,가평,경기도 가평
NAI1243701,현리공용,경기도,가평,경기도 가평
NAI1244901,청평,경기도,가평,경기도 가평
NAI1245701,대성리,경기도,가평,경기도 가평
NAI1246501,설악,경기도,가평,경기도 가평
NAI1250801,아신,경기도,안산,경기도 안산
NAI1252101,용문,경기도,양평,경기도 양평
NAI1048502,행신동,경기도,고양,경기도 고양
NAI1049701,덕양구청,경기도,고양,경기도 고양
NAI1050001,고양(화정),경기도,고양,경기도 고양
NAI1050901,능곡초교,경기도,고양,경기도 고양
NAI1051801,행신초교,경기도,고양,경기도 고양
NAI1089401,지산중학교,경기도,파주,경기도 파주
NAI2511901,장전,강원도,정선,강원도 정선
NAI2513501,홍천,강원도,홍천,강원도 홍천
NAI2516201,와야리,강원도,홍천,강원도 홍천
NAI2516301,화상대,강원도,홍천,강원도 홍천
NAI2516401,철정,강원도,홍천,강원도 홍천
NAI2520002,풍수원,강원도,횡성,강원도 횡성
NAI2520003,유현리,강원도,횡성,강원도 횡성
NAI2520601,공근,강원도,횡성,강원도 횡성
NAI2523401,횡성,강원도,횡성,강원도 횡성
NAI2526501,둔내,강원도,횡성,강원도 횡성
NAI2527101,안흥,강원도,횡성,강원도 횡성
NAI2531501,장평,강원도,평창,강원도 평창
NAI2533201,진부,강원도,정선,강원도 정선
NAI2534501,횡계,강원도,평창,강원도 평창
NAI2535801,대화,강원도,평창,강원도 평창
NAI2536401,방림,강원도,평창,강원도 평창
NAI2536502,면소,강원도,평창,강원도 평창
NAI2537601,평창,강원도,평창,강원도 평창
NAI2537615,간촌,강원도,춘천,강원도 춘천
NAI2551901,강릉시외터미널,강원도,강릉,강원도 강릉
NAI2563101,정동진,강원도,강릉,강원도 강릉
NAI2564101,왕산,강원도,정선,강원도 정선
NAI2570801,대진,강원도,고성,강원도 고성
NAI2573501,동해,강원도,동해,강원도 동해
NAI2590202,어리,강원도,춘천,강원도 춘천
NAI2590303,삼거리,강원도,속초,강원도 속초
NAI2590402,하장,강원도,정선,강원도 정선
NAI2592901,삼척,강원도,삼척,강원도 삼척
NAI2594701,도계,강원도,삼척,강원도 삼척
NAI2595601,임원,강원도,삼척,강원도 삼척
NAI2595901,축천,강원도,춘천,강원도 춘천
NAI2596101,호산,강원도,삼척,강원도 삼척
NAI2600701,태백,강원도,태백,강원도 태백
NAI2434102,춘천남부시장,강원도,춘천,강원도 춘천
NAI2441605,유촌리,강원도,화천,강원도 화천
NAI2443501,춘천,강원도,춘천,강원도 춘천
NAI2446301,강촌,강원도,춘천,강원도 춘천
NAI2446303,당림리,강원도,춘천,강원도 춘천
NAI2446507,강촌역,강원도,춘천,강원도 춘천
NAI2452401,양구,강원도,양구,강원도 양구
NAI2454901,송청리,강원도,평창,강원도 평창
NAI2456301,해안,강원도,양구,강원도 양구
NAI2460001,서화(강원),강원도,인제,강원도 인제
NAI2460601,남교,강원도,인제,강원도 인제
NAI2461201,원통,강원도,인제,강원도 인제
NAI2462201,설악산입구,강원도,속초,강원도 속초
NAI2463501,인제,강원도,인제,강원도 인제
NAI2464801,신남,강원도,인제,강원도 인제
NAI2465901,현리(강원),강원도,인제,강원도 인제
NAI2465902,덕다리,강원도,인제,강원도 인제
NAI2466401,상남,강원도,인제,강원도 인제
NAI2466402,고석평,강원도,인제,강원도 인제
NAI2466601,미다리,강원도,인제,강원도 인제
NAI2470101,현내,강원도,고성,강원도 고성
NAI2472501,거진,강원도,고성,강원도 고성
NAI2473401,간성,강원도,고성,강원도 고성
NAI2474101,장신,강원도,고성,강원도 고성
NAI2474201,진부령,강원도,고성,강원도 고성
NAI2482701,속초,강원도,속초,강원도 속초
NAI2500001,물치,강원도,속초,강원도 속초
NAI2500701,낙산,강원도,양양,강원도 양양
NAI2500901,낙산버스터미널,강원도,양양,강원도 양양
NAI2503101,양양,강원도,양양,강원도 양양
NAI2503303,한계령,강원도,양양,강원도 양양
NAI2503304,오색,강원도,양양,강원도 양양
NAI2504401,손양,강원도,양양,강원도 양양
NAI2504701,하조대,강원도,양양,강원도 양양
NAI2510801,양덕원,강원도,홍천,강원도 홍천
NAI3725701,청리,경상북도,안동,경상북도 안동
NAI3726701,옥산,경상북도,경산,경상북도 경산
NAI3730301,다인,경상북도,의성,경상북도 의성
NAI3731201,안계,경상북도,의성,경상북도 의성
NAI3733501,의성,경상북도,의성,경상북도 의성
NAI3735601,탑리,경상북도,의성,경상북도 의성
NAI3736201,봉양,경상북도,의성,경상북도 의성
NAI3736202,도리원,경상북도,의성,경상북도 의성
NAI3740901,진보,경상북도,청송,경상북도 청송
NAI3741602,파천,경상북도,청송,경상북도 청송
NAI3743101,청송,경상북도,청송,경상북도 청송
NAI3743701,주왕산,경상북도,청송,경상북도 청송
NAI3744302,옥동,경상북도,안동,경상북도 안동
NAI3744601,부남,경상북도,청송,경상북도 청송
NAI3745101,안덕,경상북도,청송,경상북도 청송
NAI3745601,도평(현동),경상북도,청송,경상북도 청송
NAI3745602,도평,경상북도,청송,경상북도 청송
NAI3746201,화목(현서),경상북도,청송,경상북도 청송
NAI3750306,두마,경상북도,구미,경상북도 구미
NAI3750701,죽장,경상북도,포항,경상북도 포항
NAI3750802,지동,경기도,수원,경기도 수원
NAI3751001,흥해,경상북도,포항,경상북도 포항
NAI3754401,흥해,경상북도,포항,경상북도 포항
NAI3765501,효자동,경상북도,포항,경상북도 포항
NAI3770101,나루끝,경상북도,포항,경상북도 포항
NAI3776001,포항,경상북도,포항,경상북도 포항
NAI3812101,입천,경상북도,안동,경상북도 안동
NAI3812501,감포,경상북도,경주,경상북도 경주
NAI3812504,전촌,경상북도,문경,경상북도 문경
NAI3815601,중앙시장,경상북도,경주,경상북도 경주
NAI3815701,경주시외,경상북도,경주,경상북도 경주
NAI3818401,산내,경상북도,청도,경상북도 청도
NAI3830401,각북,경상북도,청도,경상북도 청도
NAI3830701,풍각,경상북도,청도,경상북도 청도
NAI3831601,이서,경상북도,청도,경상북도 청도
NAI3832001,각남,경상북도,청도,경상북도 청도
NAI3832002,옥산,경상북도,경산,경상북도 경산
NAI3835101,두곡,경상북도,상주,경상북도 상주
NAI3835401,동창(매전),경상북도,청도,경상북도 청도
NAI3835901,매전,경상북도,청도,경상북도 청도
NAI3836001,금천,경상북도,청도,경상북도 청도
NAI3836201,동곡,경상북도,청도,경상북도 청도
NAI3836501,봉하,경상북도,봉화,경상북도 봉화
NAI3836801,운문사,경상북도,청도,경상북도 청도
NAI5080603,신안,경상남도,진주,경상남도 진주
NAI5086604,부곡,경상남도,창녕,경상남도 창녕
NAI3843601,하양,경상북도,경산,경상북도 경산
NAI3849701,진량,경상북도,경산,경상북도 경산
NAI3854101,영남대,경상북도,경산,경상북도 경산
NAI3855601,자인,경상북도,경산,경상북도 경산
NAI3857301,남산,경상북도,김천,경상북도 김천
NAI3859101,계양동,경상북도,경산,경상북도 경산
NAI3860701,갈지,경상북도,경산,경상북도 경산
NAI3861901,경산,경상북도,경산,경상북도 경산
NAI3862701,경산시장,경상북도,경산,경상북도 경산
NAI3864601,중앙병원,경상북도,문경,경상북도 문경
NAI3867801,경산역,경상북도,경산,경상북도 경산
NAI3869601,금곡,경상북도,안동,경상북도 안동
NAI3881001,삼창,경상북도,영천,경상북도 영천
NAI3881702,임고,경상북도,영천,경상북도 영천
NAI3882002,휴게소(영천),경상북도,구미,경상북도 구미
NAI3888201,금호,경상북도,영천,경상북도 영천
NAI3888501,영천,경상북도,영천,경상북도 영천
NAI3890201,고경,경상북도,영천,경상북도 영천
NAI3890701,임포(북안),경상북도,영천,경상북도 영천
NAI3901801,군위,경상북도,군위,경상북도 군위
NAI3902801,효령,경상북도,군위,경상북도 군위
NAI3904101,우보,경상북도,군위,경상북도 군위
NAI3905001,의흥,경상북도,군위,경상북도 군위
NAI3910201,옥성,경상북도,구미,경상북도 구미
NAI5091101,구산육거리,경상남도,김해,경상남도 김해
NAI5092301,복음병원,경상남도,김해,경상남도 김해
NAI5092401,김해시청,경상남도,김해,경상남도 김해
NAI5092601,백조아파트,경상남도,김해,경상남도 김해
NAI5093801,김해,경상남도,김해,경상남도 김해
NAI5093802,김해터미널,경상남도,김해,경상남도 김해
NAI5094001,부원역,경상남도,김해,경상남도 김해
NAI5094601,박물관역,경상남도,김해,경상남도 김해
NAI5096002,김해중앙병원,경상남도,김해,경상남도 김해
NAI5096801,주촌,경상남도,김해,경상남도 김해
NAI5096803,자현마을,경상남도,통영,경상남도 통영
NAI5098301,코아상가,경상남도,김해,경상남도 김해
NAI5098302,부영2차삼거리,경상남도,김해,경상남도 김해
NAI3911701,선산,경상북도,구미,경상북도 구미
NAI3915101,고아,경상북도,구미,경상북도 구미
NAI3915501,해평,경상북도,구미,경상북도 구미
NAI3915901,산동,경상북도,구미,경상북도 구미
NAI3922201,남부,경상북도,칠곡,경상북도 칠곡
NAI3923301,구미,경상북도,구미,경상북도 구미
NAI3926701,구미공단,경상북도,구미,경상북도 구미
NAI3958601,김천,경상북도,김천,경상북도 김천
NAI3962601,김천,경상북도,김천,경상북도 김천
NAI3980801,북삼,경상북도,구미,경상북도 구미
NAI3988301,왜관북부,경상북도,칠곡,경상북도 칠곡
NAI3989601,왜관남부,경상북도,칠곡,경상북도 칠곡
NAI4002701,성주,경상북도,성주,경상북도 성주
NAI4006001,가천,경상북도,성주,경상북도 성주
NAI4013501,고령,경상북도,고령,경상북도 고령
NAI4016501,쌍림,경상북도,고령,경상북도 고령
NAI4124301,동대구(동양고속),대구,대구,대구 대구
NAI5100701,장유,경상남도,김해,경상남도 김해
NAI5101101,장유,경상남도,김해,경상남도 김해
NAI5112403,대산,경상남도,창녕,경상남도 창녕
NAI5112503,동읍,경상남도,창원,경상남도 창원
NAI5113402,덕산정류소,경상남도,산청,경상남도 산청
NAI5117901,봉곡,경상남도,진주,경상남도 진주
NAI5121601,내서,경상남도,창원,경상남도 창원
NAI5123101,중리,경상남도,창원,경상남도 창원
NAI5130101,마산역,경상남도,창원,경상남도 창원
NAI5130501,북성초교,경상남도,창원,경상남도 창원
NAI5132401,무학여고,경상남도,창원,경상남도 창원
NAI5135601,마산,경상남도,창원,경상남도 창원
NAI5135605,복지상가,경상남도,김해,경상남도 김해
NAI5139301,창원,경상남도,창원,경상남도 창원
NAI5146901,성산,경상남도,창원,경상남도 창원
NAI5153601,창원남산,경상남도,창원,경상남도 창원
NAI5156701,신촌,경상남도,창원,경상남도 창원
NAI5160401,용원삼거리,경상남도,창원,경상남도 창원
NAI5161001,웅동,경상남도,창원,경상남도 창원
NAI5170301,진해,경상남도,창원,경상남도 창원
NAI5201101,대산,경상남도,창녕,경상남도 창녕
NAI5201701,함안가야,경상남도,함안,경상남도 함안
NAI5204101,칠원읍,경상남도,함안,경상남도 함안
NAI5204901,산인,경상남도,함안,경상남도 함안
NAI5205402,함안면,경상남도,함안,경상남도 함안
NAI5210301,신반,경상남도,의령,경상남도 의령
NAI5210802,정곡,경상남도,의령,경상남도 의령
NAI5210902,야산,경상남도,양산,경상남도 양산
NAI5211801,두곡,경상남도,창녕,경상남도 창녕
NAI5213502,대의,경상남도,의령,경상남도 의령
NAI5213801,의령,경상남도,의령,경상남도 의령
NAI5215301,남산,경상남도,창원,경상남도 창원
NAI3180601,면천,충청남도,예산,충청남도 예산
NAI3181201,합덕,충청남도,당진,충청남도 당진
NAI3190901,대산,충청남도,서산,충청남도 서산
NAI3192401,어송,충청남도,서산,충청남도 서산
NAI3193201,오사삼거리,충청남도,서산,충청남도 서산
NAI3194501,운산,충청남도,서산,충청남도 서산
NAI3196201,한서대,충청남도,서산,충청남도 서산
NAI3196202,대곡리,충청남도,서산,충청남도 서산
NAI3198101,서산,충청남도,서산,충청남도 서산
NAI3212301,만리포,충청남도,태안,충청남도 태안
NAI3212303,모항,충청남도,태안,충청남도 태안
NAI3212304,천리포,충청남도,태안,충청남도 태안
NAI3213101,안흥(태안),충청남도,태안,충청남도 태안
NAI3214401,태안,충청남도,태안,충청남도 태안
NAI3215302,몽산포,충청남도,태안,충청남도 태안
NAI3216201,창기리,충청남도,태안,충청남도 태안
NAI3216401,안면도,충청남도,태안,충청남도 태안
NAI3216501,승언리(안면도),충청남도,태안,충청남도 태안
NAI3217201,고남,충청남도,태안,충청남도 태안
NAI3217202,영목,충청남도,태안,충청남도 태안
NAI3220201,갈산,충청남도,서산,충청남도 서산
NAI3222001,홍성,충청남도,홍성,충청남도 홍성
NAI4124302,대구고속버스터미널(한진),대구,대구,대구 대구
NAI4149901,서대구,대구,대구,대구 대구
NAI4171101,대구북부,대구,대구,대구 대구
NAI4226201,고산초교,대구,대구,대구 대구
NAI4227401,천주성삼병원,대구,대구,대구 대구
NAI4227801,사월역,대구,대구,대구 대구
NAI4228801,시지,대구,대구,대구 대구
NAI4240001,대구대,대구,대구,대구 대구
NAI4248201,대구서부,대구,대구,대구 대구
NAI4293101,정대,대구,대구,대구 대구
NAI4293801,가창,대구,대구,대구 대구
NAI4300001,현풍,대구,대구,대구 대구
NAI4300801,구지,대구,대구,대구 대구
NAI4405801,방어진,울산,울산,울산 울산
NAI4407001,대송,울산,울산,울산 울산
NAI3226301,내포신도시,충청남도,예산,충청남도 예산
NAI5778701,동광양,전라남도,광양,전라남도 광양
NAI5778702,중마동,전라남도,광양,전라남도 광양
NAI5955501,녹동,전라남도,고흥,전라남도 고흥
NAI5791301,송광사,전라남도,순천,전라남도 순천
NAI5792201,순천대학교,전라남도,순천,전라남도 순천
NAI5794001,순천북부,전라남도,순천,전라남도 순천
NAI5796001,순천,전라남도,순천,전라남도 순천
NAI5796201,순천역,전라남도,순천,전라남도 순천
NAI5810001,원리,전라남도,화순,전라남도 화순
NAI5810005,원리(화순),전라남도,화순,전라남도 화순
NAI5812001,화순,전라남도,화순,전라남도 화순
NAI5814401,오곡,전라남도,화순,전라남도 화순
NAI5815301,능주,전라남도,화순,전라남도 화순
NAI5816101,세청,전라남도,무안,전라남도 무안
NAI5964901,덕양,전라남도,여수,전라남도 여수
NAI5971501,여수,전라남도,여수,전라남도 여수
NAI6111601,운암동,광주,광주,광주 광주
NAI6145601,학동,광주,광주,광주 광주
NAI6150401,소태역,광주,광주,광주 광주
NAI6172801,진월동,광주,광주,광주 광주
NAI6173701,진월동,광주,광주,광주 광주
NAI6193701,광주(유·스퀘어),광주,광주,광주 광주
NAI6223801,비아(광산구),광주,광주,광주 광주
NAI5816401,이양,전라남도,나주,전라남도 나주
NAI5820301,다시,전라남도,나주,전라남도 나주
NAI5825501,나주,전라남도,나주,전라남도 나주
NAI5827401,영산포,전라남도,나주,전라남도 나주
NAI5831501,동창,전라남도,나주,전라남도 나주
NAI5840603,봉황,전라남도,나주,전라남도 나주
NAI5841101,영암,전라남도,영암,전라남도 영암
NAI5843401,삼호,전라남도,영암,전라남도 영암
NAI5843403,신흥동,전라남도,목포,전라남도 목포
NAI5843404,평리,전라남도,곡성,전라남도 곡성
NAI5843406,주암,전라남도,순천,전라남도 순천
NAI5843704,장천,전라남도,순천,전라남도 순천
NAI5844702,영산호,전라남도,나주,전라남도 나주
NAI5215801,중리,경상남도,창원,경상남도 창원
NAI5220401,생초,경상남도,산청,경상남도 산청
NAI5221801,산청,경상남도,산청,경상남도 산청
NAI5222501,산청,경상남도,산청,경상남도 산청
NAI5223401,사리,경상남도,산청,경상남도 산청
NAI5846401,금호아파트,전라남도,여수,전라남도 여수
NAI5850201,해제,전라남도,무안,전라남도 무안
NAI5850901,현경,전라남도,무안,전라남도 무안
NAI5853401,망운,전라남도,무안,전라남도 무안
NAI5855301,청계,전라남도,무안,전라남도 무안
NAI5855401,목포대,전라남도,무안,전라남도 무안
NAI5856701,남악,전라남도,무안,전라남도 무안
NAI5864201,목포,전라남도,목포,전라남도 목포
NAI5881201,점암,전라남도,고흥,전라남도 고흥
NAI5881301,지도,전라남도,신안,전라남도 신안
NAI5890001,녹진,전라남도,진도,전라남도 진도
NAI5892201,진도,전라남도,진도,전라남도 진도
NAI5892801,지도,전라남도,신안,전라남도 신안
NAI5900701,남리,전라남도,해남,전라남도 해남
NAI5232501,하동,경상남도,하동,경상남도 하동
NAI0170401,수락산,서울,서울,서울 서울
NAI1792601,숙성리,경기도,평택,경기도 평택
NAI1793501,안중오거리,경기도,평택,경기도 평택
NAI1794301,안중,경기도,평택,경기도 평택
NAI1795801,포승공단,경기도,평택,경기도 평택
NAI1796202,평택항,경기도,평택,경기도 평택
NAI1798301,안정리,경기도,평택,경기도 평택
NAI1813201,오산시청,경기도,오산,경기도 오산
NAI1813701,오산,경기도,오산,경기도 오산
NAI1844401,동탄,경기도,오산,경기도 오산
NAI1845301,동탄(라마다호텔),경기도,화성,경기도 화성
NAI1854301,마도(화성시),경기도,화성,경기도 화성
NAI1856701,조암,경기도,화성,경기도 화성
NAI1858401,어은삼거리,경기도,화성,경기도 화성
NAI2140401,부평역,인천,인천,인천 인천
NAI2155401,인천시청,인천,인천,인천 인천
NAI2158801,구월동,인천,인천,인천 인천
NAI2200402,송도(인천),인천,인천,인천 인천
NAI2200901,송도환승센터,인천,인천,인천 인천
NAI2220501,인천,인천,인천,인천 인천
NAI2224201,인천,인천,인천,인천 인천
NAI2303701,강화,인천,인천,인천 인천
NAI2401401,동송,강원도,철원,강원도 철원
NAI2401402,대공원,강원도,원주,강원도 원주
NAI2403201,문혜리,강원도,철원,강원도 철원
NAI2404201,신철원,강원도,철원,강원도 철원
NAI2404601,강포리,강원도,철원,강원도 철원
NAI2405901,와수리,강원도,철원,강원도 철원
NAI2406201,신수리,강원도,철원,강원도 철원
NAI2406202,신수리(철원),강원도,철원,강원도 철원
NAI2406401,육단리,강원도,철원,강원도 철원
NAI2410101,산양리,강원도,화천,강원도 화천
NAI2410401,다목리,강원도,화천,강원도 화천
NAI2413001,화천,강원도,화천,강원도 화천
NAI2413801,용호리,강원도,화천,강원도 화천
NAI2414501,원천리,강원도,화천,강원도 화천
NAI2415002,광덕산,강원도,화천,강원도 화천
NAI2415401,사창리,강원도,화천,강원도 화천
NAI2420002,어리고개,강원도,춘천,강원도 춘천
NAI2420301,오음리,강원도,화천,강원도 화천
NAI1697902,강남대,경기도,용인,경기도 용인
NAI1706301,용인,경기도,용인,경기도 용인
NAI1706402,기흥역,경기도,용인,경기도 용인
NAI1706502,기흥역,경기도,용인,경기도 용인
NAI1707501,한국민속촌,경기도,용인,경기도 용인
NAI1709401,신갈(용인),경기도,용인,경기도 용인
NAI1715801,양지,경기도,용인,경기도 용인
NAI1715901,죽산,경기도,안성,경기도 안성
NAI1716701,좌전,경기도,용인,경기도 용인
NAI1732401,부발,경기도,이천,경기도 이천
NAI1733201,아미리,경기도,이천,경기도 이천
NAI1733601,하이닉스,경기도,이천,경기도 이천
NAI1737301,이천,경기도,이천,경기도 이천
NAI1740001,단월,경기도,이천,경기도 이천
NAI1740601,테르메덴,경기도,이천,경기도 이천
NAI1741401,이황리,경기도,이천,경기도 이천
NAI1741901,장호원,경기도,이천,경기도 이천
NAI1751601,동아방송대,경기도,안성,경기도 안성
NAI1752002,두원대,경기도,안성,경기도 안성
NAI1752901,일죽,경기도,안성,경기도 안성
NAI1754401,중앙대(안성),경기도,안성,경기도 안성
NAI1754701,중앙대(안성),경기도,안성,경기도 안성
NAI1754801,대림동산,경기도,안성,경기도 안성
NAI1756101,공도,경기도,안성,경기도 안성
NAI1757901,한경대,경기도,안성,경기도 안성
NAI1758501,안성,경기도,안성,경기도 안성
NAI1773101,국제대,경기도,평택,경기도 평택
NAI1775601,송탄,경기도,평택,경기도 평택
NAI1777001,서정동,경기도,평택,경기도 평택
NAI1777901,서정리,경기도,평택,경기도 평택
NAI1786901,평택대,경기도,평택,경기도 평택
NAI1787001,용이동,경기도,평택,경기도 평택
NAI1791701,평택역,경기도,평택,경기도 평택
NAI1791901,평택,경기도,평택,경기도 평택
NAI2746901,교통대,충청북도,충주,충청북도 충주
NAI2746902,충주대,충청북도,충주,충청북도 충주
NAI2747201,대소원,충청북도,충주,충청북도 충주
NAI2749601,수안보,충청북도,충주,충청북도 충주
NAI2750101,미륵리,충청북도,충주,충청북도 충주
NAI2761001,감곡,충청북도,음성,충청북도 음성
NAI2764801,삼성,충청북도,음성,충청북도 음성
NAI2765201,삼성(음성군),충청북도,음성,충청북도 음성
NAI2766801,대소,충청북도,음성,충청북도 음성
NAI2769501,음성,충청북도,음성,충청북도 음성
NAI2773201,꽃동네,충청북도,음성,충청북도 음성
NAI2773901,충북혁신도시,충청북도,음성,충청북도 음성
NAI2780501,광혜원,충청북도,진천,충청북도 진천
NAI2783101,진천,충청북도,진천,충청북도 진천
NAI2784101,진천(우석대),충청북도,진천,충청북도 진천
NAI2785101,덕산(충북),충청북도,음성,충청북도 음성
NAI2786101,초평,충청북도,증평,충청북도 증평
NAI2793101,증평,충청북도,증평,충청북도 증평
NAI2801301,연풍,충청북도,괴산,충청북도 괴산
NAI2801302,연풍괴산,충청북도,괴산,충청북도 괴산
NAI2803301,괴산,충청북도,괴산,충청북도 괴산
NAI2803601,대사리,충청북도,괴산,충청북도 괴산
NAI2803602,대사,충청북도,괴산,충청북도 괴산
NAI2806001,화양동,충청북도,괴산,충청북도 괴산
NAI2806301,청천,충청북도,괴산,충청북도 괴산
NAI2806503,학습원,충청북도,괴산,충청북도 괴산
NAI2812001,청주북부터미널,충청북도,청주,충청북도 청주
NAI2814201,청주공항,충청북도,청주,충청북도 청주
NAI2816801,청원강외,충청북도,세종,충청북도 세종
NAI2816901,청원,충청북도,청주,충청북도 청주
NAI2819901,미원,충청북도,청주,충청북도 청주
NAI2839701,청주,충청북도,청주,충청북도 청주
NAI2863501,남청주,충청북도,청주,충청북도 청주
NAI2890001,창리,충청북도,보은,충청북도 보은
NAI2890801,속리산,충청북도,보은,충청북도 보은
NAI2891001,상판,충청북도,보은,충청북도 보은
NAI2891101,보은,충청북도,보은,충청북도 보은
NAI2891201,장내(장안),충청북도,보은,충청북도 보은
NAI2896301,관기,충청북도,보은,충청북도 보은
NAI2896401,적암,충청북도,보은,충청북도 보은
NAI2899101,장재,충청북도,보은,충청북도 보은
NAI2903301,옥천,충청북도,옥천,충청북도 옥천
NAI2906101,이원,충청북도,옥천,충청북도 옥천
NAI2910301,심천,충청북도,영동,충청북도 영동
NAI2911401,황간,충청북도,영동,충청북도 영동
NAI2914401,영동(시장),충청북도,영동,충청북도 영동
NAI3000301,전의,세종,세종,세종 세종
NAI3002601,조치원,세종,세종,세종 세종
NAI3006401,종촌,세종,세종,세종 세종
NAI3010701,세종청사,세종,세종,세종 세종
NAI3015301,대평리,세종,세종,세종 세종
NAI3015401,세종,세종,세종,세종 세종
NAI3100601,성환,충청남도,천안,충청남도 천안
NAI3102101,남서울대,충청남도,천안,충청남도 천안
NAI3112001,천안,충청남도,천안,충청남도 천안
NAI3122501,목천,충청남도,천안,충청남도 천안
NAI3123201,독립기념관,충청남도,천안,충청남도 천안
NAI3125401,병천,충청남도,천안,충청남도 천안
NAI3147701,봉강교,충청남도,아산,충청남도 아산
NAI3147702,탕정,충청남도,아산,충청남도 아산
NAI3151704,아산(온양),충청남도,아산,충청남도 아산
NAI3152201,아산(온양)고속,충청남도,아산,충청남도 아산
NAI3153401,신창,충청남도,아산,충청남도 아산
NAI3153601,신창면(읍내리),충청남도,아산,충청남도 아산
NAI3173301,기지시,충청남도,당진,충청남도 당진
NAI3174402,운정,충청남도,당진,충청남도 당진
NAI3174801,신평,충청남도,당진,충청남도 당진
NAI3177101,당진,충청남도,당진,충청남도 당진
NAI3177701,광천리,충청남도,홍성,충청남도 홍성
NAI2604701,구문소,경상북도,봉화,경상북도 봉화
NAI2610101,나전,강원도,정선,강원도 정선
NAI2610102,북평,강원도,정선,강원도 정선
NAI2610601,여량,강원도,정선,강원도 정선
NAI2611001,임계,강원도,정선,강원도 정선
NAI2612403,월통,강원도,인제,강원도 인제
NAI2613201,정선,강원도,정선,강원도 정선
NAI2614801,증산,강원도,정선,강원도 정선
NAI2615002,양구읍,강원도,양구,강원도 양구
NAI2615301,강원랜드,강원도,정선,강원도 정선
NAI2615501,고한사북공영,강원도,정선,강원도 정선
NAI2620301,주천,강원도,영월,강원도 영월
NAI2620901,마차,강원도,영월,강원도 영월
NAI2620902,마차,강원도,영월,강원도 영월
NAI2621002,문곡삼거리,강원도,영월,강원도 영월
NAI2621401,쌍용,강원도,영월,강원도 영월
NAI2621701,연당,강원도,영월,강원도 영월
NAI2623601,영월,강원도,영월,강원도 영월
NAI2624201,석항,강원도,영월,강원도 영월
NAI2624301,녹전,강원도,영월,강원도 영월
NAI2624601,예미,강원도,정선,강원도 정선
NAI2624701,내리,경기도,포천,경기도 포천
NAI2624802,상동,강원도,영월,강원도 영월
NAI2632301,태장동,강원도,원주,강원도 원주
NAI2636801,문막,강원도,원주,강원도 원주
NAI2638201,원주,강원도,원주,강원도 원주
NAI2645301,단구동,강원도,원주,강원도 원주
NAI2650001,귀래,강원도,원주,강원도 원주
NAI2700301,매포,충청북도,단양,충청북도 단양
NAI2701101,단양,충청북도,단양,충청북도 단양
NAI2701701,별방,충청북도,단양,충청북도 단양
NAI2701801,영춘,충청북도,단양,충청북도 단양
NAI2702001,구인사,충청북도,단양,충청북도 단양
NAI2702601,단성,충청북도,단양,충청북도 단양
NAI2702701,대강,충청북도,단양,충청북도 단양
NAI2711001,탁사정,충청북도,제천,충청북도 제천
NAI2713601,세명대,충청북도,제천,충청북도 제천
NAI2716501,제천,충청북도,제천,충청북도 제천
NAI2719601,제천역,충청북도,제천,충청북도 제천
NAI2722602,한수(월악산),충청북도,제천,충청북도 제천
NAI2722603,덕주사,충청북도,제천,충청북도 제천
NAI2722604,월악산,충청북도,제천,충청북도 제천
NAI2731401,목계,충청북도,충주,충청북도 충주
NAI2736001,충주,충청북도,충주,충청북도 충주
NAI5233203,육거리,경상남도,진주,경상남도 진주
NAI5233301,동산,경상남도,밀양,경상남도 밀양
NAI5233801,상성,경상남도,김해,경상남도 김해
NAI5234401,진교,경상남도,하동,경상남도 하동
NAI5235201,금남,경상남도,하동,경상남도 하동
NAI5241401,남해,경상남도,남해,경상남도 남해
NAI5902102,영안,전라남도,영암,전라남도 영암
NAI5902301,남외,전라남도,나주,전라남도 나주
NAI5903801,해남,전라남도,해남,전라남도 해남
NAI5904901,좌일,전라남도,해남,전라남도 해남
NAI5905101,정수사,전라남도,해남,전라남도 해남
NAI5905401,동해,전라남도,해남,전라남도 해남
NAI5905501,남창,전라남도,해남,전라남도 해남
NAI5905802,현산,전라남도,해남,전라남도 해남
NAI5906101,월송,전라남도,해남,전라남도 해남
NAI5906301,산정,전라남도,해남,전라남도 해남
NAI5906303,송지(해남),전라남도,해남,전라남도 해남
NAI5906304,해남산정,전라남도,해남,전라남도 해남
NAI5906502,땅끝,전라남도,해남,전라남도 해남
NAI5911401,완도,전라남도,완도,전라남도 완도
NAI5913001,고금,전라남도,완도,전라남도 완도
NAI5243601,가천,경상남도,사천,경상남도 사천
NAI5244104,두모,경상남도,거제,경상남도 거제
NAI5244501,전도,경상남도,하동,경상남도 하동
NAI5250401,곤양,경상남도,하동,경상남도 하동
NAI5250901,축동,경상남도,사천,경상남도 사천
NAI5251601,사천공항,경상남도,사천,경상남도 사천
NAI5251801,사천,경상남도,사천,경상남도 사천
NAI5252301,정동(사천시),경상남도,사천,경상남도 사천
NAI5252502,정동,경상남도,사천,경상남도 사천
NAI5253607,사천사남,경상남도,사천,경상남도 사천
NAI5261101,사봉,경상남도,진주,경상남도 진주
NAI5261701,반성,경상남도,진주,경상남도 진주
NAI5264601,창촌,경상남도,진주,경상남도 진주
NAI5272505,진주남중,경상남도,진주,경상남도 진주
NAI5272901,상봉동,경상남도,진주,경상남도 진주
NAI5275901,진주,경상남도,진주,경상남도 진주
NAI5275903,진주,경상남도,진주,경상남도 진주
NAI5275907,진주,경상남도,진주,경상남도 진주
NAI5275908,진주,경상남도,진주,경상남도 진주
NAI5920601,성전,전라남도,강진,전라남도 강진
NAI5921201,작천,전라남도,강진,전라남도 강진
NAI5921401,병영,전라남도,강진,전라남도 강진
NAI5921703,하당,전라남도,목포,전라남도 목포
NAI5921704,교동,전라남도,나주,전라남도 나주
NAI5275911,진주,경상남도,진주,경상남도 진주
NAI5282201,거창,경상남도,거창,경상남도 거창
NAI5282601,진주역,경상남도,진주,경상남도 진주
NAI5282801,경상대,경상남도,진주,경상남도 진주
NAI5284301,금곡,경상남도,진주,경상남도 진주
NAI5290202,영오,경상남도,진주,경상남도 진주
NAI5291501,배둔,경상남도,고성,경상남도 고성
NAI5295604,고연,경상남도,거제,경상남도 거제
NAI5302001,통영,경상남도,통영,경상남도 통영
NAI5303802,무전동,경상남도,통영,경상남도 통영
NAI5325101,거제(고현),경상남도,거제,경상남도 거제
NAI5331601,장승포,경상남도,거제,경상남도 거제
NAI5403701,군산,전라북도,군산,전라북도 군산
NAI5403703,군산고속,전라북도,군산,전라북도 군산
NAI5406001,대야,전라북도,군산,전라북도 군산
NAI5407801,군산시청,전라북도,군산,전라북도 군산
NAI5434501,원평,전라북도,김제,전라북도 김제
NAI5437901,김제,전라북도,김제,전라북도 김제
NAI5440201,김제역,전라북도,김제,전라북도 김제
NAI5457201,금마,전라북도,익산,전라북도 익산
NAI5457602,익산왕궁,전라북도,익산,전라북도 익산
NAI5466201,익산역,전라북도,익산,전라북도 익산
NAI5467401,익산,전라북도,익산,전라북도 익산
NAI5467402,익산고속,전라북도,익산,전라북도 익산
NAI5487201,중동,전라북도,군산,전라북도 군산
NAI5490001,덕진동,전라북도,전주,전라북도 전주
NAI5492801,모래내,전라북도,전주,전라북도 전주
NAI5493301,전주시외터미널,전라북도,전주,전라북도 전주
NAI5493401,전주(리무진터미널),전라북도,전주,전라북도 전주
NAI5504001,남노송동,전라북도,전주,전라북도 전주
NAI5504201,전동,전라북도,전주,전라북도 전주
NAI5504701,완산동,전라북도,전주,전라북도 전주
NAI5506901,전주대,전라북도,전주,전라북도 전주
NAI5511901,평화동,전라북도,군산,전라북도 군산
NAI5530001,운주,전라북도,완주,전라북도 완주
NAI5530002,대둔산,전라북도,완주,전라북도 완주
NAI5924608,동영,전라남도,구례,전라남도 구례
NAI5925304,영수,전라남도,여수,전라남도 여수
NAI5531001,고산,전라북도,완주,전라북도 완주
NAI5531301,익산IC,전라북도,완주,전라북도 완주
NAI5532801,봉동,전라북도,익산,전라북도 익산
NAI5533801,우석대,전라북도,완주,전라북도 완주
NAI5534201,삼례,전라북도,완주,전라북도 완주
NAI5534901,시천,전라북도,무주,전라북도 무주
NAI5535901,장신대,전라북도,완주,전라북도 완주
NAI5540001,대불,전라북도,진안,전라북도 진안
NAI5540202,운일암,전라북도,진안,전라북도 진안
NAI5540701,안천,전라북도,진안,전라북도 진안
NAI5542901,우화,전라북도,진안,전라북도 진안
NAI5545902,성수,전라북도,임실,전라북도 임실
NAI5546001,성수,전라북도,임실,전라북도 임실
NAI5926403,운곡,전라남도,나주,전라남도 나주
NAI5551501,무주,전라북도,무주,전라북도 무주
NAI5552701,적상,전라북도,무주,전라북도 무주
NAI5553101,새내,전라북도,부안,전라북도 부안
NAI5555301,설천,전라북도,무주,전라북도 무주
NAI5555501,리조트,전라북도,무주,전라북도 무주
NAI5555701,구천동,전라북도,무주,전라북도 무주
NAI5926808,마량,전라남도,강진,전라남도 강진
NAI5926901,마량,전라남도,강진,전라남도 강진
NAI5930101,유치,전라남도,장흥,전라남도 장흥
NAI5930602,용산,전라남도,나주,전라남도 나주
NAI5932401,장흥,전라남도,장흥,전라남도 장흥
NAI5933801,운정(장흥),전라남도,장흥,전라남도 장흥
NAI5935101,관산,전라남도,장흥,전라남도 장흥
NAI5936001,회진,전라남도,장흥,전라남도 장흥
NAI5560701,천천,전라북도,장수,전라북도 장수
NAI5561401,장계,전라북도,장수,전라북도 장수
NAI5562301,계남,전라북도,장수,전라북도 장수
NAI5563201,장수,전라북도,장수,전라북도 장수
NAI5565901,번암,전라북도,남원,전라북도 남원
NAI5571301,아영(남원시),전라북도,남원,전라북도 남원
NAI5571501,인월,전라북도,남원,전라북도 남원
NAI5571601,운봉,전라북도,남원,전라북도 남원
NAI5572401,서남대학교,전라북도,남원,전라북도 남원
NAI5576001,남원,전라북도,남원,전라북도 남원
NAI5580402,뱀사골,전라북도,남원,전라북도 남원
NAI5580404,반선,전라북도,남원,전라북도 남원
NAI5580502,부운리,전라북도,남원,전라북도 남원
NAI5591001,관촌,전라북도,임실,전라북도 임실
NAI5591101,신평(임실군),전라북도,임실,전라북도 임실
NAI5592801,임실,전라북도,임실,전라북도 임실
NAI5593401,청웅,전라북도,임실,전라북도 임실
NAI5594601,삼계,전라북도,임실,전라북도 임실
NAI5595101,오수,전라북도,임실,전라북도 임실
NAI5936501,대덕,전라남도,곡성,전라남도 곡성
NAI5936605,옹암,전라남도,영암,전라남도 영암
NAI5940001,문덕,전라남도,보성,전라남도 보성
NAI5942301,벌교,전라남도,보성,전라남도 보성
NAI5944501,금호,전라남도,여수,전라남도 여수
NAI5945801,보성,전라남도,보성,전라남도 보성
NAI5950102,동강,전라남도,나주,전라남도 나주
NAI5950202,한천,전라남도,화순,전라남도 화순
NAI5951101,과역,전라남도,고흥,전라남도 고흥
NAI5951901,점암(고흥),전라남도,고흥,전라남도 고흥
NAI5602901,동계,전라북도,순창,전라북도 순창
NAI5603501,순창,전라북도,순창,전라북도 순창
NAI5611501,태인,전라북도,정읍,전라북도 정읍
NAI5615801,정읍,전라북도,정읍,전라북도 정읍
NAI5630801,부안,전라북도,부안,전라북도 부안
NAI5632601,줄포,전라북도,부안,전라북도 부안
NAI5634601,곰소,전라북도,부안,전라북도 부안
NAI5641501,흥덕,전라북도,고창,전라북도 고창
NAI5642801,고창군청,전라북도,고창,전라북도 고창
NAI5643301,고창,전라북도,고창,전라북도 고창
NAI5643401,고창여고,전라북도,고창,전라북도 고창
NAI5643801,고창현대아파트,전라북도,고창,전라북도 고창
NAI5646501,성송,전라북도,고창,전라북도 고창
NAI5700401,홍농,전라남도,영광,전라남도 영광
NAI5703601,영광군청,전라남도,영광,전라남도 영광
NAI5704301,영광,전라남도,영광,전라남도 영광
NAI5952305,신오,전라남도,순천,전라남도 순천
NAI5704901,영광고,전라남도,영광,전라남도 영광
NAI5712401,월야,전라남도,함평,전라남도 함평
NAI5712901,나산,전라남도,여수,전라남도 여수
NAI5715301,함평,전라남도,함평,전라남도 함평
NAI5720101,장성사거리,전라남도,장성,전라남도 장성
NAI5720401,사거리,전라남도,장성,전라남도 장성
NAI5720501,백양사,전라남도,장성,전라남도 장성
NAI5721901,장성,전라남도,장성,전라남도 장성
NAI5725601,삼서,전라남도,장성,전라남도 장성
NAI5730101,금성,전라남도,담양,전라남도 담양
NAI5734401,담양,전라남도,담양,전라남도 담양
NAI5750401,옥과,전라남도,곡성,전라남도 곡성
NAI5953201,고소,전라남도,순천,전라남도 순천
NAI5954001,고흥,전라남도,고흥,전라남도 고흥
NAI5954807,소곡,전라남도,순천,전라남도 순천
NAI5954902,죽시,전라남도,고흥,전라남도 고흥
NAI5751801,오산(곡성군),전라남도,곡성,전라남도 곡성
NAI5754201,곡성,전라남도,곡성,전라남도 곡성
NAI5755201,목사동,전라남도,곡성,전라남도 곡성
NAI5755901,석곡,전라남도,곡성,전라남도 곡성
NAI5763901,봉동,전라남도,곡성,전라남도 곡성
NAI5765401,구례,전라남도,구례,전라남도 구례
NAI5768001,사자탑매표소,전라북도,김제,전라북도 김제
NAI5770801,섬진강,전라남도,광양,전라남도 광양
NAI5772001,광영,전라남도,광양,전라남도 광양
NAI5775801,광양,전라남도,광양,전라남도 광양
NAI1328001,성남서,경기도,성남,경기도 성남
NAI1336401,모란시장,경기도,성남,경기도 성남
NAI1337601,모란(성남시),경기도,성남,경기도 성남
NAI1349701,성남,경기도,성남,경기도 성남
NAI1363001,분당,경기도,성남,경기도 성남
NAI1394401,안양(평촌),경기도,안양,경기도 안양
NAI1403901,비산동,경기도,안양,경기도 안양
NAI1407201,범계역,경기도,안양,경기도 안양
NAI1407301,범계,경기도,안양,경기도 안양
NAI1407701,호계동,경기도,안양,경기도 안양
NAI1434701,광명,경기도,광명,경기도 광명
NAI1454501,부천,경기도,부천,경기도 부천
NAI1459901,송내역,경기도,부천,경기도 부천
NAI1461201,부천소방서,경기도,부천,경기도 부천
NAI1464901,소사동,경기도,부천,경기도 부천
NAI1474301,송내,경기도,부천,경기도 부천
NAI1504002,시화병원,경기도,시흥,경기도 시흥
NAI1506201,시흥관광호텔,경기도,시흥,경기도 시흥
NAI1506601,시흥,경기도,시흥,경기도 시흥
NAI1507301,시화,경기도,시흥,경기도 시흥
NAI1508601,시화이마트,경기도,시흥,경기도 시흥
NAI1524001,안산시청,경기도,안산,경기도 안산
NAI1529901,안산터미널,경기도,안산,경기도 안산
NAI1533501,안산시청앞,경기도,안산,경기도 안산
NAI1553801,상록수,경기도,안산,경기도 안산
NAI1586201,군포산본,경기도,군포,경기도 군포
NAI1587902,부곡동,경기도,군포,경기도 군포
NAI1588001,군포,경기도,군포,경기도 군포
NAI1588801,대야미,경기도,군포,경기도 군포
NAI1607801,의왕,경기도,의왕,경기도 의왕
NAI1624001,우만동,경기도,수원,경기도 수원
NAI1625001,장안문,경기도,수원,경기도 수원
NAI1627101,북문(수원),경기도,수원,경기도 수원
NAI1636301,당수동,경기도,수원,경기도 수원
NAI1640501,서수원,경기도,수원,경기도 수원
NAI1640901,구운동,경기도,수원,경기도 수원
NAI1650901,광교도청역,경기도,수원,경기도 수원
NAI1651001,이의동,경기도,수원,경기도 수원
NAI1654501,영통,경기도,수원,경기도 수원
NAI1658501,수원터미널,경기도,수원,경기도 수원
NAI1662201,수원역,경기도,수원,경기도 수원
NAI1665001,고색동,경기도,수원,경기도 수원
NAI1669001,망포역,경기도,수원,경기도 수원
NAI1682701,동천역(용인),경기도,용인,경기도 용인
NAI1694901,신갈영덕,경기도,용인,경기도 용인
NAI1253201,갈운리,경기도,양평,경기도 양평
NAI1254601,양평시장,경기도,양평,경기도 양평
NAI1255901,양평,경기도,양평,경기도 양평
NAI1257301,대석리,경기도,가평,경기도 가평
NAI1261901,부대앞,경기도,평택,경기도 평택
NAI1263101,여주,경기도,여주,경기도 여주
NAI1264701,능서,경기도,여주,경기도 여주
NAI1265201,여주대,경기도,여주,경기도 여주
NAI1266201,여주태평리,경기도,여주,경기도 여주
NAI1266301,태평리,경기도,여주,경기도 여주
NAI0654604,강남터미널,서울,서울,서울 서울
NAI0659901,삼호아파트,서울,서울,서울 서울
NAI0661701,진흥아파트,서울,서울,서울 서울
NAI0666901,서울고교,서울,서울,서울 서울
NAI0671801,서울남부,서울,서울,서울 서울
NAI0700501,남성초등학교,서울,서울,서울 서울
NAI0702501,사당역,서울,서울,서울 서울
NAI0750501,김포공항,서울,서울,서울 서울
NAI0750601,강서면허시험장,서울,서울,서울 서울
NAI0762201,공항동,서울,서울,서울 서울
NAI1009601,김포,경기도,김포,경기도 김포
NAI0510001,자양동,서울,서울,서울 서울
NAI0511601,동서울,서울,서울,서울 서울
NAI0550201,잠실역,서울,서울,서울 서울
NAI0550401,잠실롯데월드호텔,서울,서울,서울 서울
NAI0550402,잠실장미아파트,서울,서울,서울 서울
NAI0554201,방이동,서울,서울,서울 서울
NAI0555501,잠실새내역,서울,서울,서울 서울
NAI0566102,오금동,서울,서울,서울 서울
NAI0569901,가락시장,서울,서울,서울 서울
NAI0570002,가락동,서울,서울,서울 서울
NAI0581601,장지역,서울,서울,서울 서울
NAI0637102,세곡동,서울,서울,서울 서울
NAI0650401,신반포,서울,서울,서울 서울
NAI0654402,반포자이아파트,서울,서울,서울 서울
NAI0654501,서울고속버스터미널(경부),서울,서울,서울 서울
NAI0654601,센트럴,서울,서울,서울 서울
NAI3240301,고덕,충청남도,당진,충청남도 당진
NAI3240401,마교,충청남도,예산,충청남도 예산
NAI3241101,삽교,충청남도,예산,충청남도 예산
NAI3242101,신례원,충청남도,예산,충청남도 예산
NAI3242801,예산,충청남도,예산,충청남도 예산
NAI3245001,대흥,충청남도,천안,충청남도 천안
NAI3245301,신양,충청남도,예산,충청남도 예산
NAI3251101,인풍,충청남도,공주,충청남도 공주
NAI3251201,광정,충청남도,공주,충청남도 공주
NAI3251301,석송,충청남도,공주,충청남도 공주
NAI3251401,모란(공주),충청남도,공주,충청남도 공주
NAI3252001,사곡,충청남도,공주,충청남도 공주
NAI3252301,사곡(공주시),충청남도,공주,충청남도 공주
NAI3252502,대룡,충청남도,공주,충청남도 공주
NAI3253801,공주(산성),충청남도,공주,충청남도 공주
NAI3258501,공주,충청남도,공주,충청남도 공주
NAI3261801,하마루,충청남도,공주,충청남도 공주
NAI3270501,진산,전라북도,완주,전라북도 완주
NAI3271801,새말,충청남도,금산,충청남도 금산
NAI3273501,금산,충청남도,금산,충청남도 금산
NAI3280101,계룡(신도안),충청남도,계룡,충청남도 계룡
NAI3280102,남선,충청남도,계룡,충청남도 계룡
NAI3281401,양정,충청남도,계룡,충청남도 계룡
NAI3281402,엄사면,충청남도,계룡,충청남도 계룡
NAI4462901,무거동,울산,울산,울산 울산
NAI4463201,울산신복,울산,울산,울산 울산
NAI4464801,옥동(울산),울산,울산,울산 울산
NAI4465701,공업탑,울산,울산,울산 울산
NAI4466001,울산대공원,울산,울산,울산 울산
NAI4466701,울산공업탑,울산,울산,울산 울산
NAI4471901,울산고속,울산,울산,울산 울산
NAI4472001,울산,울산,울산,울산 울산
NAI4490103,덕현(울주군),울산,울산,울산 울산
NAI4490202,석남사,울산,울산,울산 울산
NAI3293601,강경,충청남도,논산,충청남도 논산
NAI3295401,논산,충청남도,논산,충청남도 논산
NAI3299201,건양대,충청남도,논산,충청남도 논산
NAI3302001,은진,충청남도,논산,충청남도 논산
NAI3310501,외산,충청남도,부여,충청남도 부여
NAI3311101,은산(부여),충청남도,부여,충청남도 부여
NAI3312301,규암,충청남도,부여,충청남도 부여
NAI3312401,규암,충청남도,부여,충청남도 부여
NAI3315201,부여,충청남도,부여,충청남도 부여
NAI3319501,내산,충청남도,부여,충청남도 부여
NAI3321901,임천,충청남도,부여,충청남도 부여
NAI3331501,운곡,충청남도,청양,충청남도 청양
NAI3332601,청양,충청남도,청양,충청남도 청양
NAI3334401,대치,충청남도,청양,충청남도 청양
NAI3334601,정산,충청남도,청양,충청남도 청양
NAI3335101,정산,충청남도,청양,충청남도 청양
NAI3335801,지곡,충청남도,서산,충청남도 서산
NAI3335901,목면,충청남도,청양,충청남도 청양
NAI3341401,주포,충청남도,보령,충청남도 보령
NAI3341501,주교,충청남도,보령,충청남도 보령
NAI3341801,청소,충청남도,보령,충청남도 보령
NAI3342101,옥계,충청남도,홍성,충청남도 홍성
NAI3342401,청라,충청남도,보령,충청남도 보령
NAI4602901,원자력병원,부산,부산,부산 부산
NAI4603301,좌천,부산,부산,부산 부산
NAI4603802,임랑삼거리,부산,부산,부산 부산
NAI4607401,기장중,부산,부산,부산 부산
NAI4607501,청강리,부산,부산,부산 부산
NAI4620401,부산동부,부산,부산,부산 부산
NAI4620402,노포,부산,부산,부산 부산
NAI4696901,부산서부(사상),부산,부산,부산 부산
NAI3352201,웅천(보령),충청남도,보령,충청남도 보령
NAI3361101,종천,충청남도,서천,충청남도 서천
NAI3363001,화양,충청남도,서천,충청남도 서천
NAI3364501,서천,충청남도,서천,충청남도 서천
NAI3365401,계동,충청남도,서천,충청남도 서천
NAI3367401,장항,충청남도,서천,충청남도 서천
NAI3403801,북대전IC,대전,대전,대전 대전
NAI3405501,대전도룡,대전,대전,대전 대전
NAI3413401,충남대,대전,대전,대전 대전
NAI3417501,유성,대전,대전,대전 대전
NAI3455101,대전복합,대전,대전,대전 대전
NAI3463801,인동,대전,대전,대전 대전
NAI3464301,신흥동,대전,대전,대전 대전
NAI3520501,대전청사,대전,대전,대전 대전
NAI3533501,도마동,대전,대전,대전 대전
NAI3607801,영주,경상북도,영주,경상북도 영주
NAI3621401,춘양,경상북도,봉화,경상북도 봉화
NAI4809501,부산해운대,부산,부산,부산 부산
NAI5000601,봉산,경상남도,합천,경상남도 합천
NAI5001801,지곡(함양군),경상남도,함양,경상남도 함양
NAI5002201,수동(함양),경상남도,함양,경상남도 함양
NAI3626601,현동,경상북도,청송,경상북도 청송
NAI3626801,소천,경상북도,봉화,경상북도 봉화
NAI3627102,대현,경상북도,봉화,경상북도 봉화
NAI3630101,삼근,경상북도,울진,경상북도 울진
NAI3630502,근남,경상북도,울진,경상북도 울진
NAI3630701,덕구온천,경상북도,울진,경상북도 울진
NAI3631601,죽변,경상북도,울진,경상북도 울진
NAI3632601,울진,경상북도,울진,경상북도 울진
NAI3635201,사동,경상북도,경산,경상북도 경산
NAI3636601,평해,경상북도,울진,경상북도 울진
NAI3636604,시내,경상북도,문경,경상북도 문경
NAI3636901,후포,경상북도,울진,경상북도 울진
NAI3637001,삼율(후포),경상북도,울진,경상북도 울진
NAI3641101,영해,경상북도,영덕,경상북도 영덕
NAI3643101,영덕,경상북도,영덕,경상북도 영덕
NAI3645901,강구,경상북도,영덕,경상북도 영덕
NAI5002706,병곡(함양),경상남도,함양,경상남도 함양
NAI5003901,함양,경상남도,함양,경상남도 함양
NAI5005507,마천초등학교,경상남도,함양,경상남도 함양
NAI5012001,가조,경상남도,거창,경상남도 거창
NAI5020001,해인사,경상남도,합천,경상남도 합천
NAI5020101,가야,경상남도,함안,경상남도 함안
NAI5020601,야로,경상남도,합천,경상남도 합천
NAI5020802,묘산,경상남도,합천,경상남도 합천
NAI5021001,권빈,경상남도,합천,경상남도 합천
NAI5021504,용주,경상남도,합천,경상남도 합천
NAI5021602,대병,경상남도,합천,경상남도 합천
NAI5021801,쌍백,경상남도,합천,경상남도 합천
NAI5022201,삼가,경상남도,합천,경상남도 합천
NAI5022502,장대,경상남도,진주,경상남도 진주
NAI5023301,합천,경상남도,합천,경상남도 합천
NAI3651301,가곡,경상북도,상주,경상북도 상주
NAI3652601,수비,경상북도,영양,경상북도 영양
NAI3653301,영양,경상북도,청송,경상북도 청송
NAI3656001,석보,경상북도,영양,경상북도 영양
NAI3661401,옹천,경상북도,영천,경상북도 영천
NAI3662101,풍산,경상북도,안동,경상북도 안동
NAI3662601,안기,경상북도,안동,경상북도 안동
NAI3662801,안기동,경상북도,안동,경상북도 안동
NAI3663601,안동,경상북도,안동,경상북도 안동
NAI3664602,태화오거리,경상북도,안동,경상북도 안동
NAI3668701,신안,경상북도,안동,경상북도 안동
NAI3669901,안동(운흥),경상북도,안동,경상북도 안동
NAI5025302,적교,경상남도,합천,경상남도 합천
NAI5030101,이방,경상남도,창녕,경상남도 창녕
NAI5030201,이방,경상남도,창녕,경상남도 창녕
NAI5031401,고암,경상남도,창녕,경상남도 창녕
NAI5032301,창녕,경상남도,창녕,경상남도 창녕
NAI5034102,계성,경상남도,창녕,경상남도 창녕
NAI5036501,부곡,경상남도,창녕,경상남도 창녕
NAI5040001,구기,경상남도,밀양,경상남도 밀양
NAI5040201,화산,경상남도,함양,경상남도 함양
NAI5040501,동산(밀양시),경상남도,밀양,경상남도 밀양
NAI5040502,단장,경상남도,밀양,경상남도 밀양
NAI5040504,마흘,경상남도,통영,경상남도 통영
NAI5040802,무안(무안면),경상남도,밀양,경상남도 밀양
NAI5041501,얼음골,경상남도,밀양,경상남도 밀양
NAI5041801,표충사,경상남도,밀양,경상남도 밀양
NAI5042301,밀양,경상남도,밀양,경상남도 밀양
NAI5045901,수산,경상남도,밀양,경상남도 밀양
NAI5046704,거족,경상남도,김해,경상남도 김해
NAI3675601,일직,경상북도,안동,경상북도 안동
NAI3675901,경북도청,경상북도,안동,경상북도 안동
NAI3681101,감천,경상북도,예천,경상북도 예천
NAI3682601,예천,경상북도,예천,경상북도 예천
NAI3685401,지보,경상북도,청송,경상북도 청송
NAI3685801,용궁,경상북도,예천,경상북도 예천
NAI3685802,용궁역,경상북도,예천,경상북도 예천
NAI3691701,문경,경상북도,문경,경상북도 문경
NAI3694202,영순,경상북도,문경,경상북도 문경
NAI3695101,영천,경상북도,영천,경상북도 영천
NAI3695102,점촌,경상북도,문경,경상북도 문경
NAI3696101,흥덕,경상북도,문경,경상북도 문경
NAI3699601,가은,경상북도,문경,경상북도 문경
NAI3700001,농암,경상북도,문경,경상북도 문경
NAI3710101,옥양동,경상북도,상주,경상북도 상주
NAI3711801,함창,경상북도,문경,경상북도 문경
NAI3713901,화령,경상북도,상주,경상북도 상주
NAI3715101,낙서,경상북도,상주,경상북도 상주
NAI3718101,상주시외,경상북도,상주,경상북도 상주
NAI3718201,상주,경상북도,상주,경상북도 상주
NAI5062901,양산,경상남도,양산,경상남도 양산
