sido,sgg,population,lat,long,sido_sgg,sido_code,sgg_code,image_src
서울,서울,9565990,37.566534999999995,126.9779692,서울 서울,1,-1,https://tong.visitkorea.or.kr/cms/resource/80/746580_image2_1.jpg
부산,부산,3364358,35.17955429999999,129.07564159999998,부산 부산,6,-1,https://tong.visitkorea.or.kr/cms/resource/21/2364321_image2_1.jpg
대구,대구,2397646,35.871435399999996,128.60144499999998,대구 대구,4,-1,https://tong.visitkorea.or.kr/cms/resource/62/219162_image2_1.jpg
인천,인천,2936367,37.4562557,126.70520619999999,인천 인천,2,-1,https://tong.visitkorea.or.kr/cms/resource/66/2512766_image2_1.jpg
광주,광주,1442647,35.1595454,126.85260120000001,광주 광주,5,-1,https://tong.visitkorea.or.kr/cms/resource/82/2716382_image2_1.jpg
대전,대전,1456107,36.3504119,127.38454750000001,대전 대전,3,-1,https://tong.visitkorea.or.kr/cms/resource/50/2661750_image2_1.jpg
울산,울산,1126369,35.5383773,129.3113596,울산 울산,7,-1,https://tong.visitkorea.or.kr/cms/resource/67/2558467_image2_1.jpg
세종,세종,362995,35.152324,126.8523791,세종 세종,8,-1,https://tong.visitkorea.or.kr/cms/resource/17/1598617_image2_1.jpg
경기도,수원,1184210,37.26357270000001,127.02860090000001,경기도 수원,31,13,https://tong.visitkorea.or.kr/cms/resource/36/2613036_image2_1.jpg
경기도,성남,931654,37.444916799999994,127.1388684,경기도 성남,31,12,https://tong.visitkorea.or.kr/cms/resource/05/2639005_image2_1.jpg
경기도,의정부,461523,37.738098,127.03368190000002,경기도 의정부,31,25,https://tong.visitkorea.or.kr/cms/resource/21/2687521_image2_1.jpg
경기도,안양,549903,37.3942527,126.9568209,경기도 안양,31,17,https://tong.visitkorea.or.kr/cms/resource/75/755275_image2_1.jpg
경기도,부천,810742,37.5034138,126.76603090000002,경기도 부천,31,11,https://tong.visitkorea.or.kr/cms/resource/39/760139_image2_1.jpg
경기도,광명,295852,37.478487799999996,126.8642888,경기도 광명,31,4,https://tong.visitkorea.or.kr/cms/resource/70/734370_image2_1.jpg
경기도,평택,549901,36.9921075,127.11294509999999,경기도 평택,31,28,https://tong.visitkorea.or.kr/cms/resource/94/2482994_image2_1.jpg
경기도,동두천,93354,37.9034112,127.0605075,경기도 동두천,31,10,https://tong.visitkorea.or.kr/cms/resource/22/1195422_image2_1.jpg
경기도,안산,655115,37.321877799999996,126.8308848,경기도 안산,31,15,https://tong.visitkorea.or.kr/cms/resource/32/2656732_image2_1.jpg
경기도,고양,1080507,37.6583599,126.8320201,경기도 고양,31,2,https://tong.visitkorea.or.kr/cms/resource/36/2364836_image2_1.jpg
경기도,과천,69276,37.429246,126.98744509999999,경기도 과천,31,3,https://tong.visitkorea.or.kr/cms/resource/93/2678593_image2_1.jpg
경기도,구리,194389,37.5943124,127.1295646,경기도 구리,31,6,https://tong.visitkorea.or.kr/cms/resource/22/1963222_image2_1.jpg
경기도,남양주,724183,37.6360028,127.2165279,경기도 남양주,31,9,https://tong.visitkorea.or.kr/cms/resource/38/2617838_image2_1.jpg
경기도,오산,230705,37.14980960000001,127.07722120000001,경기도 오산,31,22,https://tong.visitkorea.or.kr/cms/resource/35/2675335_image2_1.jpg
경기도,시흥,511314,37.37988770000001,126.8031025,경기도 시흥,31,14,https://tong.visitkorea.or.kr/cms/resource/12/2671612_image2_1.jpg
경기도,군포,270584,37.3616703,126.9351741,경기도 군포,31,7,https://tong.visitkorea.or.kr/cms/resource/53/1253553_image2_1.jpg
경기도,의왕,162215,37.344701,126.96831040000001,경기도 의왕,31,24,https://tong.visitkorea.or.kr/cms/resource/71/1591571_image2_1.jpg
경기도,하남,305908,37.5392646,127.2148919,경기도 하남,31,30,https://tong.visitkorea.or.kr/cms/resource/06/2667406_image2_1.jpg
경기도,용인,1077826,37.2410864,127.1775537,경기도 용인,31,23,https://tong.visitkorea.or.kr/cms/resource/92/1860092_image2_1.jpg
경기도,파주,472260,37.7598688,126.7801781,경기도 파주,31,27,https://tong.visitkorea.or.kr/cms/resource/35/2706535_image2_1.jpg
경기도,이천,220904,37.271995200000006,127.43482209999999,경기도 이천,31,26,https://tong.visitkorea.or.kr/cms/resource/33/882433_image2_1.jpg
경기도,안성,189060,37.0079695,127.27967859999998,경기도 안성,31,16,https://tong.visitkorea.or.kr/cms/resource/43/1954543_image2_1.jpg
경기도,김포,483642,37.6152464,126.7156325,경기도 김포,31,8,https://tong.visitkorea.or.kr/cms/resource/76/2377576_image2_1.jpeg
경기도,화성,870361,37.199493200000006,126.83118870000001,경기도 화성,31,31,https://tong.visitkorea.or.kr/cms/resource/29/2482729_image2_1.jpg
경기도,광주,384714,37.4171413,127.2561413,경기도 광주,31,5,https://tong.visitkorea.or.kr/cms/resource/56/2612856_image2_1.jpg
경기도,양주,235394,37.7852875,127.0458453,경기도 양주,31,18,https://tong.visitkorea.or.kr/cms/resource/61/1889961_image2_1.jpg
경기도,포천,147597,37.894914799999995,127.2003551,경기도 포천,31,29,https://tong.visitkorea.or.kr/cms/resource/94/2031794_image2_1.jpg
경기도,여주,112177,37.2980237,127.6371628,경기도 여주,31,20,https://tong.visitkorea.or.kr/cms/resource/91/1955791_image2_1.jpg
경기도,연천,43042,38.096443799999996,127.0748335,경기도 연천,31,21,https://tong.visitkorea.or.kr/cms/resource/97/1859997_image2_1.jpg
경기도,가평,62364,37.8315403,127.5098827,경기도 가평,31,1,https://tong.visitkorea.or.kr/cms/resource/77/219377_image2_1.jpg
경기도,양평,120012,37.4912195,127.4875607,경기도 양평,31,19,https://tong.visitkorea.or.kr/cms/resource/83/2560083_image2_1.jpg
강원도,춘천,282511,37.8813153,127.7299707,강원도 춘천,32,13,https://tong.visitkorea.or.kr/cms/resource/36/2712636_image2_1.jpg
강원도,원주,354978,37.342218599999995,127.9201621,강원도 원주,32,9,https://tong.visitkorea.or.kr/cms/resource/51/2531651_image2_1.JPG
강원도,강릉,212784,37.751853000000004,128.8760574,강원도 강릉,32,1,https://tong.visitkorea.or.kr/cms/resource/96/598296_image2_1.jpg
강원도,동해,89999,37.52471920000001,129.1142915,강원도 동해,32,3,https://tong.visitkorea.or.kr/cms/resource/40/2671440_image2_1.jpg
강원도,태백,41419,37.1640654,128.98556489999999,강원도 태백,32,14,https://tong.visitkorea.or.kr/cms/resource/70/2656670_image2_1.jpg
강원도,속초,82254,38.207014799999996,128.5918489,강원도 속초,32,5,https://tong.visitkorea.or.kr/cms/resource/40/2616840_image2_1.jpg
강원도,삼척,64073,37.4498683,129.16520590000002,강원도 삼척,32,4,https://tong.visitkorea.or.kr/cms/resource/60/2665260_image2_1.jpg
강원도,홍천,68619,37.6969518,127.8886827,강원도 홍천,32,16,https://tong.visitkorea.or.kr/cms/resource/70/608470_image2_1.jpg
강원도,횡성,46614,37.4917566,127.98492949999999,강원도 횡성,32,18,https://tong.visitkorea.or.kr/cms/resource/21/2657021_image2_1.jpg
강원도,영월,38057,37.183637,128.4617535,강원도 영월,32,8,https://tong.visitkorea.or.kr/cms/resource/85/483785_image2_1.jpg
강원도,평창,41109,37.370474,128.38997690000002,강원도 평창,32,15,https://tong.visitkorea.or.kr/cms/resource/90/2616890_image2_1.jpg
강원도,정선,35952,37.3807549,128.66095049999998,강원도 정선,32,11,https://tong.visitkorea.or.kr/cms/resource/18/582618_image2_1.jpg
강원도,철원,43932,38.14660900000001,127.31322560000001,강원도 철원,32,12,https://tong.visitkorea.or.kr/cms/resource/99/2567099_image2_1.jpg
강원도,화천,24408,38.1056484,127.7080492,강원도 화천,32,17,https://tong.visitkorea.or.kr/cms/resource/81/172381_image2_1.jpg
강원도,양구,22027,38.1100701,127.9898825,강원도 양구,32,6,https://tong.visitkorea.or.kr/cms/resource/15/2668215_image2_1.jpg
강원도,인제,31835,38.0694675,128.17069909999998,강원도 인제,32,10,https://tong.visitkorea.or.kr/cms/resource/55/2607555_image2_1.jpg
강원도,고성,26924,38.3801292,128.46743850000001,강원도 고성,32,2,https://tong.visitkorea.or.kr/cms/resource/87/217287_image2_1.jpg
강원도,양양,28035,38.0753925,128.6188503,강원도 양양,32,7,https://tong.visitkorea.or.kr/cms/resource/47/2711347_image2_1.jpg
충청북도,청주,847392,36.6424341,127.48903190000001,충청북도 청주,33,10,https://tong.visitkorea.or.kr/cms/resource/41/2601641_image2_1.jpg
충청북도,충주,209638,36.9910113,127.9259497,충청북도 충주,33,11,https://tong.visitkorea.or.kr/cms/resource/86/2392686_image2_1.jpg
충청북도,제천,132313,37.1325821,128.19094809999999,충청북도 제천,33,7,https://tong.visitkorea.or.kr/cms/resource/60/489560_image2_1.jpg
충청북도,보은,32096,36.4894573,127.7294827,충청북도 보은,33,3,https://tong.visitkorea.or.kr/cms/resource/58/1731558_image2_1.jpg
충청북도,옥천,50282,36.3063646,127.57128090000002,충청북도 옥천,33,5,https://tong.visitkorea.or.kr/cms/resource/86/2721486_image2_1.JPG
충청북도,영동,46316,36.175023100000004,127.78343020000001,충청북도 영동,33,4,https://tong.visitkorea.or.kr/cms/resource/86/764686_image2_1.jpg
충청북도,증평,36499,36.7855019,127.58165559999999,충청북도 증평,33,12,https://tong.visitkorea.or.kr/cms/resource/01/2005001_image2_1.jpg
충청북도,진천,84746,36.855379799999994,127.43611170000001,충청북도 진천,33,8,https://tong.visitkorea.or.kr/cms/resource/87/1332387_image2_1.jpg
충청북도,괴산,37337,36.815669,127.7865791,충청북도 괴산,33,1,https://tong.visitkorea.or.kr/cms/resource/91/731391_image2_1.jpg
충청북도,음성,92232,36.9396792,127.69050179999999,충청북도 음성,33,6,https://tong.visitkorea.or.kr/cms/resource/49/1079349_image2_1.jpg
충청북도,단양,28652,36.9845473,128.3655186,충청북도 단양,33,2,https://tong.visitkorea.or.kr/cms/resource/92/2613292_image2_1.jpg
충청남도,당진,166754,36.8936109,126.6283278,충청남도 당진,34,4,https://tong.visitkorea.or.kr/cms/resource/20/1932520_image2_1.jpg
충청남도,천안,657503,36.815129,127.11389390000001,충청남도 천안,34,12,https://tong.visitkorea.or.kr/cms/resource/22/565822_image2_1.jpg
충청남도,공주,103640,36.4465346,127.1191534,충청남도 공주,34,1,https://tong.visitkorea.or.kr/cms/resource/77/1600077_image2_1.jpg
충청남도,보령,98993,36.3331629,126.61294409999999,충청남도 보령,34,5,https://tong.visitkorea.or.kr/cms/resource/32/218932_image2_1.jpg
충청남도,아산,320340,36.789796,127.0018494,충청남도 아산,34,9,https://tong.visitkorea.or.kr/cms/resource/59/2366359_image2_1.jpg
충청남도,서산,176090,36.78449929999999,126.4503169,충청남도 서산,34,7,https://tong.visitkorea.or.kr/cms/resource/81/2671481_image2_1.jpg
충청남도,논산,115305,36.187065600000004,127.0987453,충청남도 논산,34,3,https://tong.visitkorea.or.kr/cms/resource/97/1600297_image2_1.jpg
충청남도,계룡,43168,36.2745577,127.24858959999999,충청남도 계룡,34,16,https://tong.visitkorea.or.kr/cms/resource/77/1278277_image2_1.jpg
충청남도,금산,50890,36.10869279999999,127.48807120000001,충청남도 금산,34,2,https://tong.visitkorea.or.kr/cms/resource/96/2548096_image2_1.jpg
충청남도,부여,64361,36.2754406,126.910178,충청남도 부여,34,6,https://tong.visitkorea.or.kr/cms/resource/33/2366333_image2_1.jpg
충청남도,서천,51153,36.0803312,126.6913277,충청남도 서천,34,8,https://tong.visitkorea.or.kr/cms/resource/05/1870705_image2_1.jpg
충청남도,청양,30548,36.4588326,126.80221159999999,충청남도 청양,34,13,https://tong.visitkorea.or.kr/cms/resource/08/607708_image2_1.jpg
충청남도,홍성,99440,36.60123,126.6607764,충청남도 홍성,34,15,https://tong.visitkorea.or.kr/cms/resource/39/1962039_image2_1.jpg
충청남도,예산,77348,36.682612299999995,126.84839509999999,충청남도 예산,34,11,https://tong.visitkorea.or.kr/cms/resource/85/2357885_image2_1.jpg
충청남도,태안,61867,36.74564210000001,126.2980528,충청남도 태안,34,14,https://tong.visitkorea.or.kr/cms/resource/75/2426575_image2_1.jpg
전라북도,전주,657428,35.8242238,127.14795320000002,전라북도 전주,37,12,https://tong.visitkorea.or.kr/cms/resource/67/2654567_image2_1.jpg
전라북도,군산,266389,35.96767720000001,126.7366293,전라북도 군산,37,2,https://tong.visitkorea.or.kr/cms/resource/56/2649956_image2_1.jpg
전라북도,익산,280072,35.948285799999994,126.9575991,전라북도 익산,37,9,https://tong.visitkorea.or.kr/cms/resource/98/2514998_image2_1.jpg
전라북도,정읍,107422,35.5698855,126.8558955,전라북도 정읍,37,13,https://tong.visitkorea.or.kr/cms/resource/25/2616825_image2_1.jpg
전라북도,남원,80032,35.416357,127.39048770000001,전라북도 남원,37,4,https://tong.visitkorea.or.kr/cms/resource/54/1976054_image2_1.jpg
전라북도,김제,81462,35.803607899999996,126.8808872,전라북도 김제,37,3,https://tong.visitkorea.or.kr/cms/resource/15/197015_image2_1.jpg
전라북도,완주,91024,35.891275,127.253895,전라북도 완주,37,8,https://tong.visitkorea.or.kr/cms/resource/52/609052_image2_1.jpg
전라북도,진안,25181,35.79172970000001,127.4248356,전라북도 진안,37,14,https://tong.visitkorea.or.kr/cms/resource/75/219375_image2_1.jpg
전라북도,무주,23875,36.0068191,127.66078049999999,전라북도 무주,37,5,https://tong.visitkorea.or.kr/cms/resource/31/219131_image2_1.jpg
전라북도,장수,21880,35.647276700000006,127.5211363,전라북도 장수,37,11,https://tong.visitkorea.or.kr/cms/resource/33/798833_image2_1.jpg
전라북도,임실,27009,35.6110549,127.28265990000001,전라북도 임실,37,10,https://tong.visitkorea.or.kr/cms/resource/74/2671574_image2_1.jpg
전라북도,순창,27283,35.3744136,127.13759679999998,전라북도 순창,37,7,https://tong.visitkorea.or.kr/cms/resource/95/2634995_image2_1.JPG
전라북도,고창,53869,35.43582160000001,126.70208059999999,전라북도 고창,37,1,https://tong.visitkorea.or.kr/cms/resource/75/2513775_image2_1.jpg
전라북도,부안,51419,35.7315661,126.73346509999999,전라북도 부안,37,6,https://tong.visitkorea.or.kr/cms/resource/73/2514273_image2_1.jpg
전라남도,목포,220794,34.8118351,126.39216640000001,전라남도 목포,38,8,https://tong.visitkorea.or.kr/cms/resource/11/2497011_image2_1.jpeg
전라남도,여수,278481,34.7603737,127.6622221,전라남도 여수,38,13,https://tong.visitkorea.or.kr/cms/resource/75/2367375_image2_1.jpg
전라남도,순천,281816,34.950637,127.4872135,전라남도 순천,38,11,https://tong.visitkorea.or.kr/cms/resource/49/2653949_image2_1.jpg
전라남도,나주,116513,35.016060100000004,126.71075719999999,전라남도 나주,38,6,https://tong.visitkorea.or.kr/cms/resource/69/1606869_image2_1.jpg
전라남도,광양,150591,34.9406968,127.6958882,전라남도 광양,38,4,https://tong.visitkorea.or.kr/cms/resource/49/2483749_image2_1.jpg
전라남도,담양,46522,35.3211394,126.9881673,전라남도 담양,38,7,https://tong.visitkorea.or.kr/cms/resource/18/2612518_image2_1.jpg
전라남도,곡성,27916,35.28195529999999,127.29191750000001,전라남도 곡성,38,3,https://tong.visitkorea.or.kr/cms/resource/89/2032689_image2_1.jpg
전라남도,구례,25255,35.2024947,127.4626534,전라남도 구례,38,5,https://tong.visitkorea.or.kr/cms/resource/68/644268_image2_1.jpg
전라남도,고흥,63374,34.6112219,127.28497800000001,전라남도 고흥,38,2,https://tong.visitkorea.or.kr/cms/resource/04/2043904_image2_1.jpg
전라남도,보성,39838,34.7714563,127.07989440000001,전라남도 보성,38,10,https://tong.visitkorea.or.kr/cms/resource/33/2652133_image2_1.jpg
전라남도,화순,62153,35.0645029,126.9864799,전라남도 화순,38,24,https://tong.visitkorea.or.kr/cms/resource/50/2644350_image2_1.JPG
전라남도,장흥,37028,34.6816856,126.90692779999999,전라남도 장흥,38,20,https://tong.visitkorea.or.kr/cms/resource/42/2704942_image2_1.jpg
전라남도,강진,34248,34.6420774,126.767261,전라남도 강진,38,1,https://tong.visitkorea.or.kr/cms/resource/17/2434117_image2_1.jpg
전라남도,해남,68055,34.5732516,126.5989274,전라남도 해남,38,23,https://tong.visitkorea.or.kr/cms/resource/36/2367436_image2_1.jpg
전라남도,영암,53290,34.8001685,126.6967918,전라남도 영암,38,17,https://tong.visitkorea.or.kr/cms/resource/31/1969531_image2_1.jpg
전라남도,무안,88660,34.9904542,126.48168559999999,전라남도 무안,38,9,https://tong.visitkorea.or.kr/cms/resource/56/2399156_image2_1.jpg
전라남도,함평,31526,35.0659399,126.5165524,전라남도 함평,38,22,https://tong.visitkorea.or.kr/cms/resource/35/1809835_image2_1.jpg
전라남도,영광,52487,35.2771719,126.51198740000001,전라남도 영광,38,16,https://tong.visitkorea.or.kr/cms/resource/54/189654_image2_1.jpg
전라남도,장성,43915,35.3018333,126.78485409999999,전라남도 장성,38,19,https://tong.visitkorea.or.kr/cms/resource/97/2040897_image2_1.jpg
전라남도,완도,49404,34.3110596,126.7550541,전라남도 완도,38,18,https://tong.visitkorea.or.kr/cms/resource/42/1784242_image2_1.jpg
전라남도,진도,30368,34.4868712,126.26348529999999,전라남도 진도,38,21,https://tong.visitkorea.or.kr/cms/resource/38/1993038_image2_1.jpg
전라남도,신안,38687,34.827332,126.101074,전라남도 신안,38,12,https://tong.visitkorea.or.kr/cms/resource/67/2026067_image2_1.jpg
경상북도,포항,503634,36.01901779999999,129.3434808,경상북도 포항,35,23,https://tong.visitkorea.or.kr/cms/resource/54/1967454_image2_1.jpg
경상북도,경주,252602,35.8561719,129.2247477,경상북도 경주,35,2,https://tong.visitkorea.or.kr/cms/resource/07/2648907_image2_1.jpg
경상북도,김천,140293,36.1398393,128.1135947,경상북도 김천,35,6,https://tong.visitkorea.or.kr/cms/resource/54/644554_image2_1.jpg
경상북도,안동,157805,36.568354299999996,128.729357,경상북도 안동,35,11,https://tong.visitkorea.or.kr/cms/resource/43/2654743_image2_1.jpg
경상북도,구미,414284,36.119485,128.34457340000003,경상북도 구미,35,4,https://tong.visitkorea.or.kr/cms/resource/48/2038148_image2_1.jpg
경상북도,영주,102440,36.80568579999999,128.6240551,경상북도 영주,35,14,https://tong.visitkorea.or.kr/cms/resource/22/2654222_image2_1.jpg
경상북도,영천,102099,35.97329149999999,128.9385493,경상북도 영천,35,15,https://tong.visitkorea.or.kr/cms/resource/42/1614942_image2_1.jpg
경상북도,상주,96273,36.4109466,128.1590828,경상북도 상주,35,9,https://tong.visitkorea.or.kr/cms/resource/25/609425_image2_1.jpg
경상북도,문경,71409,36.586148,128.1867972,경상북도 문경,35,7,https://tong.visitkorea.or.kr/cms/resource/56/1613456_image2_1.jpg
경상북도,경산,266747,35.8250555,128.7415441,경상북도 경산,35,1,https://tong.visitkorea.or.kr/cms/resource/34/655734_image2_1.jpg
경상북도,군위,22924,36.2428355,128.5727702,경상북도 군위,35,5,https://tong.visitkorea.or.kr/cms/resource/04/1613404_image2_1.jpg
경상북도,의성,51099,36.3526576,128.6970053,경상북도 의성,35,19,https://tong.visitkorea.or.kr/cms/resource/22/721322_image2_1.jpg
경상북도,청송,24784,36.4359045,129.05710770000002,경상북도 청송,35,21,https://tong.visitkorea.or.kr/cms/resource/84/2616884_image2_1.jpg
경상북도,영양,16411,36.666655799999994,129.1124007,경상북도 영양,35,13,https://tong.visitkorea.or.kr/cms/resource/37/2704937_image2_1.jpg
경상북도,영덕,35779,36.4150799,129.36596809999998,경상북도 영덕,35,12,https://tong.visitkorea.or.kr/cms/resource/13/2026513_image2_1.jpg
경상북도,청도,41847,35.6472706,128.7339107,경상북도 청도,35,20,https://tong.visitkorea.or.kr/cms/resource/66/582766_image2_1.jpg
경상북도,고령,30927,35.7261415,128.262953,경상북도 고령,35,3,https://tong.visitkorea.or.kr/cms/resource/14/2629214_image2_1.bmp
경상북도,성주,42964,35.9190079,128.28297379999998,경상북도 성주,35,10,https://tong.visitkorea.or.kr/cms/resource/77/1403277_image2_1.jpg
경상북도,칠곡,114016,35.9953059,128.4015434,경상북도 칠곡,35,22,https://tong.visitkorea.or.kr/cms/resource/20/1055520_image2_1.jpg
경상북도,예천,55784,36.657700399999996,128.4528808,경상북도 예천,35,16,https://tong.visitkorea.or.kr/cms/resource/89/2034889_image2_1.jpg
경상북도,봉화,31084,36.8930933,128.7323752,경상북도 봉화,35,8,https://tong.visitkorea.or.kr/cms/resource/93/1737993_image2_1.jpg
경상북도,울진,48206,36.9930661,129.4004195,경상북도 울진,35,18,https://tong.visitkorea.or.kr/cms/resource/22/2395322_image2_1.jpg
경상북도,울릉,8990,37.4844171,130.90580020000002,경상북도 울릉,35,17,https://tong.visitkorea.or.kr/cms/resource/74/2547574_image2_1.jpg
경상남도,창원,1034527,35.2279868,128.68181429999998,경상남도 창원,36,16,https://tong.visitkorea.or.kr/cms/resource/16/2043316_image2_1.jpg
경상남도,진주,347204,35.179981700000006,128.1076213,경상남도 진주,36,13,https://tong.visitkorea.or.kr/cms/resource/56/1611556_image2_1.jpg
경상남도,통영,126413,34.8544227,128.43318200000002,경상남도 통영,36,17,https://tong.visitkorea.or.kr/cms/resource/30/2363530_image2_1.jpg
경상남도,사천,110414,35.00377879999999,128.064185,경상남도 사천,36,8,https://tong.visitkorea.or.kr/cms/resource/10/1611410_image2_1.jpg
경상남도,김해,539841,35.2285451,128.8893517,경상남도 김해,36,4,https://tong.visitkorea.or.kr/cms/resource/10/1921410_image2_1.jpg
경상남도,밀양,104070,35.5037598,128.7464415,경상남도 밀양,36,7,https://tong.visitkorea.or.kr/cms/resource/96/2666896_image2_1.jpg
경상남도,거제,243200,34.8806427,128.6210824,경상남도 거제,36,1,https://tong.visitkorea.or.kr/cms/resource/93/2612893_image2_1.jpg
경상남도,양산,353686,35.33500720000001,129.0371689,경상남도 양산,36,10,https://tong.visitkorea.or.kr/cms/resource/01/1228701_image2_1.jpg
경상남도,의령,26526,35.3221896,128.261658,경상남도 의령,36,12,https://tong.visitkorea.or.kr/cms/resource/72/2689572_image2_1.jpg
경상남도,함안,63157,35.2725591,128.4064797,경상남도 함안,36,19,https://tong.visitkorea.or.kr/cms/resource/04/724504_image2_1.jpg
경상남도,창녕,60754,35.544556299999996,128.4922143,경상남도 창녕,36,15,https://tong.visitkorea.or.kr/cms/resource/97/1803897_image2_1.jpg
경상남도,고성,50933,34.973149,128.3222456,경상남도 고성,36,3,https://tong.visitkorea.or.kr/cms/resource/91/1611191_image2_1.jpg
경상남도,남해,42650,34.8376721,127.89242340000001,경상남도 남해,36,5,https://tong.visitkorea.or.kr/cms/resource/12/1991512_image2_1.jpg
경상남도,하동,44065,35.0672108,127.7512687,경상남도 하동,36,18,https://tong.visitkorea.or.kr/cms/resource/78/177178_image2_1.jpg
경상남도,산청,34587,35.4155885,127.87349809999999,경상남도 산청,36,9,https://tong.visitkorea.or.kr/cms/resource/00/2658500_image2_1.jpg
경상남도,함양,38793,35.5204614,127.7251763,경상남도 함양,36,20,https://tong.visitkorea.or.kr/cms/resource/86/1612686_image2_1.jpg
경상남도,거창,61555,35.6867229,127.9095155,경상남도 거창,36,2,https://tong.visitkorea.or.kr/cms/resource/76/2720276_image2_1.JPG
경상남도,합천,43465,35.56657579999999,128.16579950000002,경상남도 합천,36,21,https://tong.visitkorea.or.kr/cms/resource/48/2690648_image2_1.jpg
경상남도,마산,368899,35.213516,128.581433,경상남도 마산,36,6,https://search.pstatic.net/common/?src=http%3A%2F%2Fimgnews.naver.net%2Fimage%2F002%2F2020%2F08%2F07%2F0002145397_003_20200807172135928.jpg&type=sc960_832
경상남도,진해,193430,35.1330251,128.7100381,경상남도 진해,36,14,https://w.namu.la/s/759c45c1fcb0541abaa3207b994c95835cb5f290fb2062929e5feef2b904b61e16a87e81fac4f8d4df05e60e139bdafbfdeb8a258aa7622b95e6549152cb43314b15b451198c3248a2d109bda87e3843a85b38f73a27ee3ff720c5222b53ea8c7df4eb9ce54112769cf2e39e7c267863
제주도,제주,492627,33.4996213,126.5311884,제주도 제주,39,4,https://tong.visitkorea.or.kr/cms/resource/04/2658504_image2_1.jpeg
제주도,서귀포,182666,33.2541205,126.560076,제주도 서귀포,39,3,https://tong.visitkorea.or.kr/cms/resource/47/2615547_image2_1.bmp
