sido,sgg,population,lat,long,sido_sgg,sido_code,sgg_code,image_src,description,tourism_link
서울,서울,9565990,37.566535,126.9779692,서울 서울,1,-1,https://tong.visitkorea.or.kr/cms/resource/80/746580_image2_1.jpg,대한민국의 수도인 서울을 지방자치단체인 특별시로 부르는 명칭이다. 한반도 중앙에 있으며[.] 한강을 사이에 두고 남북으로 펼쳐져 있다. 북쪽 끝은 도봉구 도봉동[.] 동쪽 끝은 강동구 상일동[.] 남쪽 끝은 서초구 원지동[.] 서쪽 끝은 강서구 오곡동이다. 시청은 중구 을지로1가(태평로1가 31)에 있다.,https://www.visitseoul.net/index
부산,부산,3364358,35.17955429999999,129.07564159999998,부산 부산,6,-1,https://tong.visitkorea.or.kr/cms/resource/21/2364321_image2_1.jpg,대한민국 제2의 도시이자[.] 제1의 무역항이다. 동쪽과 남쪽은 바다에 면하고[.] 서쪽은 김해시 장유동과 창원시 진해구[.] 북쪽은 양산시 물금읍과 김해시 대동면[.] 동쪽은 울산광역시 서생면·온양읍에 접한다. 대한민국 남동단의 관문으로 서울특별시에서 남동쪽으로 약 450km[.] 대한해협을 끼고 일본 시모노세키[下關]와 약 250km 떨어져 있다. 1군 15구로 이루어져 있으며[.] 면적은 765.94㎢이다. 시청 소재지는 부산광역시 연제구 연산5동 1000번지이다.,https://www.visitbusan.net/kr/index.do
대구,대구,2397646,35.8714354,128.60144499999998,대구 대구,4,-1,https://tong.visitkorea.or.kr/cms/resource/62/219162_image2_1.jpg,북쪽으로 경상북도 칠곡군·군위군[.] 동쪽으로 경상북도 경산시·청도군[.] 남쪽으로 경상남도 창녕군[.] 서쪽으로 경상북도 고령군·성주군과 접한다. 영남지방의 중앙에서 서쪽으로 치우친 대구분지의 중앙부[.] 낙동강(洛東江)과 금호강(琴湖江)의 합류지점 동쪽 금호강 연안에 있다.,http://tour.daegu.go.kr/
인천,인천,2936367,37.4562557,126.7052062,인천 인천,2,-1,https://tong.visitkorea.or.kr/cms/resource/66/2512766_image2_1.jpg,동경 124°36′~ 126°47′[.] 북위 36°55′~ 37°58′에 있다. 동서거리 192.23km[.] 남북거리 117.60km에 달한다. 북쪽으로 개풍군·황해도 연백군[.] 동쪽으로 서울특별시·김포시·부천시·시흥시·안산시[.] 남쪽으로 충청남도 서산시에 접하고[.] 서쪽으로 서해에 면한다. 2014년 현재 가구수는 113만 6[.]280가구이며[.] 행정구역은 8구 2군 1읍 19면 129개동으로 이루어져 있다. 시청은 남동구 구월동에 있다.,http://itour.incheon.go.kr/
광주,광주,1442647,35.1595454,126.8526012,광주 광주,5,-1,https://tong.visitkorea.or.kr/cms/resource/82/2716382_image2_1.jpg,북동쪽으로 담양군[.] 북쪽으로 장성군[.] 서쪽으로 함평군[.] 남쪽으로 나주시[.] 남동쪽으로 화순군에 접한다. 서울·부산·대구·인천·대전에 이어 국내 제6위를 차지하는 대도시이며[.] 호남지방 최대의 도시이다. 2011년 현재 행정구분은 5개 자치구[.] 93개 행정동으로 이루어져 있으며[.] 시청 소재지는 광주시 서구 내방로 111이다.,http://tour.gwangju.go.kr/home/main.cs
대전,대전,1456107,36.3504119,127.3845475,대전 대전,3,-1,https://tong.visitkorea.or.kr/cms/resource/50/2661750_image2_1.jpg,동경 127°14'~127°33'[.] 북위 36°10'~36°29'에 있다. 동쪽으로 충청북도 보은군·옥천군[.] 북쪽으로 충청북도 청주시[.] 세종특별자치시[.] 남쪽으로 충청남도 금산군[.] 서쪽으로 충청남도 논산시·공주시에 접한다.,http://www.daejeon.go.kr/tou/index.do
울산,울산,1126369,35.5383773,129.3113596,울산 울산,7,-1,https://tong.visitkorea.or.kr/cms/resource/67/2558467_image2_1.jpg,동경 129˚15´~129˚27´[.] 북위 35˚27´~35˚36´에 있다. 동쪽은 동해에 면하며[.] 서쪽은 경북 청도군과 밀양시·양산시[.] 남쪽은 부산 기장군[.] 북쪽은 경북 경주시와 접한다. 한국에서 가장 대표적인 공업도시다. 행정구역은 1군 4구 4읍 8면 44개 동으로 이루어져 있다.,http://tour.ulsan.go.kr/index.ulsan
세종,세종,362995,35.152324,126.8523791,세종 세종,8,-1,https://tong.visitkorea.or.kr/cms/resource/17/1598617_image2_1.jpg,동쪽은 충청북도 청주시[.] 서쪽은 충청남도 공주시[.] 남쪽은 대전광역시[.] 북쪽은 충청남도 천안시와 경계를 이룬다. 2010년 12월 27일에 공포된 '세종시 설치 등에 관한 특별법'에 따라 종전의 충청남도 연기군 전역과 공주시(의당면·장기면·반포면)의 일부 그리고 충청북도 청원군(부용면)의 일부를 흡수하여 2012년 7월 1일에 17번째 광역자치단체로 공식 출범하였다. 정부직할 특별자치시이며[.] 시·군·구 등의 기초자치 단체를 두지 않는 '단층제' 자치단체이다.,https://www.sejong.go.kr/tour/index.do
경기도,수원,1184210,37.26357270000001,127.0286009,경기도 수원,31,13,https://tong.visitkorea.or.kr/cms/resource/36/2613036_image2_1.jpg,경기도의 도청소재지로서 동쪽은 용인시[.] 서쪽은 안산시[.] 남쪽은 화성시[.] 북쪽은 의왕시에 접한다.,https://www.suwon.go.kr/web/visitsuwon/tour01/tour01-01/pages.do
경기도,성남,931654,37.4449168,127.1388684,경기도 성남,31,12,https://tong.visitkorea.or.kr/cms/resource/05/2639005_image2_1.jpg,동쪽은 광주시[.] 서쪽은 과천시와 의왕시[.] 남쪽은 용인시[.] 북쪽은 서울특별시 강남구·송파구[.] 하남시와 접한다.,https://www.seongnam.go.kr/tour/main.do
경기도,의정부,461523,37.738098,127.03368190000002,경기도 의정부,31,25,https://tong.visitkorea.or.kr/cms/resource/21/2687521_image2_1.jpg,동경 127°00′~ 127°09′[.] 북위 37°41′~ 37°47′에 있다. 서울특별시 북쪽의 관문도시이자 경기도 북부의 교통·산업·경제·문화·교육의 중심도시이다.,https://www.ui4u.go.kr/tour/main.do
경기도,안양,549903,37.3942527,126.9568209,경기도 안양,31,17,https://tong.visitkorea.or.kr/cms/resource/75/755275_image2_1.jpg,동쪽은 과천시·의왕시[.] 서쪽은 광명시·시흥시[.] 남쪽은 군포시[.] 북쪽은 서울특별시 금천구·관악구에 접한다.,https://www.anyang.go.kr/tour/index.do
경기도,부천,810742,37.5034138,126.76603090000002,경기도 부천,31,11,https://tong.visitkorea.or.kr/cms/resource/39/760139_image2_1.jpg,서울특별시의 위성도시로서 동쪽과 북쪽으로 서울특별시[.] 서쪽으로 인천광역시[.] 남쪽으로 시흥시와 접한다. 원미구·소사구·오정구의 3개구로 이루어져 있었으나[.] 2016년 7월 4일 행정체제를 개편하면서 3개 구청을 폐지하고 기존의 36개 동을 유지하면서 권역별로 중심이 되는 원미1동[.] 심곡2동 등 10개의 동을 행정복지센터로 전환하였다.,http://www.bucheon.go.kr/site/main/index148
경기도,광명,295852,37.4784878,126.8642888,경기도 광명,31,4,https://tong.visitkorea.or.kr/cms/resource/70/734370_image2_1.jpg,북쪽으로는 서울특별시 구로구 개봉동(開峰洞)[.] 북동쪽으로 구로구 가리봉동(加里峰洞)[.] 금천구 시흥동(始興洞)[.] 북서쪽으로는 경기도 부천시[.] 남쪽과 서쪽으로 안양시와 접한다.,http://www.gm.go.kr/tr/index.do
경기도,평택,549901,36.9921075,127.1129451,경기도 평택,31,28,https://tong.visitkorea.or.kr/cms/resource/94/2482994_image2_1.jpg,북쪽은 화성시[.] 동쪽은 용인시·안성시[.] 남쪽은 충청남도 아산시·천안시와 각각 접한다. 남서쪽은 아산만(牙山灣)에 면한다.,https://www.pyeongtaek.go.kr/tour/main.do
경기도,동두천,93354,37.9034112,127.0605075,경기도 동두천,31,10,https://tong.visitkorea.or.kr/cms/resource/22/1195422_image2_1.jpg,북동쪽으로 포천시[.] 서쪽과 남쪽으로 양주시[.] 북서쪽은 연천군에 접한다. 수도권 40km 이내의 위성도시로 군사보호구역에 속하며[.] 6·25전쟁 이후 급격히 발전한 기지촌(基地村)이다. 현재 8동으로 이루어져 있으며[.] 시청 소재지는 동두천시 생연동 438번지이다.,https://www.ddc.go.kr/tour/index.do
경기도,안산,655115,37.3218778,126.8308848,경기도 안산,31,15,https://tong.visitkorea.or.kr/cms/resource/32/2656732_image2_1.jpg,동쪽은 군포시와 의왕시[.] 서쪽은 황해[.] 남쪽은 화성시[.] 북쪽은 시흥시에 접해 있다. 서울의 인구 및 산업 분산시책의 일환으로 도시 전체가 완전히 계획적이고 인공적으로 개발된 전원주택도시이다.,https://tourinfo.ansan.go.kr/main.do
경기도,고양,1080507,37.6583599,126.8320201,경기도 고양,31,2,https://tong.visitkorea.or.kr/cms/resource/36/2364836_image2_1.jpg,남동쪽으로 서울특별시에 접하고 북동쪽으로 양주시[.] 북서쪽으로 파주시[.] 남서쪽으로 한강을 사이에 두고 김포시에 접한다.,http://www.goyang.go.kr/visitgoyang/
경기도,과천,69276,37.429246,126.9874451,경기도 과천,31,3,https://tong.visitkorea.or.kr/cms/resource/93/2678593_image2_1.jpg,북쪽으로 서울특별시[.] 서쪽으로 경기도 안양시[.] 동쪽으로 성남시[.] 남쪽으로 의왕시에 접한다. 기반암은 대부분이 호상편마암으로 이루어져 있으나[.] 양재천(良才川) 연안에는 충적지가 널리 발달하였다. 주요산으로는 관악산(冠岳山:629m)·응봉(鷹峰:348m)·청계산(淸溪山:618m) 등이 솟아 있다. 서울특별시와는 남태령을 통해 연결된다. 4개 대도시와 접하고 있는 한국의 대표적인 전원도시이다.,http://www.gccity.go.kr/tour/main.do
경기도,구리,194389,37.5943124,127.1295646,경기도 구리,31,6,https://tong.visitkorea.or.kr/cms/resource/22/1963222_image2_1.jpg,동쪽과 북쪽으로 남양주시[.] 서쪽으로 서울특별시 노원구·중랑구·광진구[.] 남쪽으로 한강을 사이로 서울특별시 강동구와 접한다. 서남쪽에 아차산(297m)과 용마봉[.] 북동쪽에 검암산이 있어 구릉지를 이룬다. 구릉지는 거의 호상편마암과 대보화강암으로 이루어져 있다.,http://www.guri.go.kr/cms/content/view/2105
경기도,남양주,724183,37.6360028,127.2165279,경기도 남양주,31,9,https://tong.visitkorea.or.kr/cms/resource/38/2617838_image2_1.jpg,동경 127°05′∼127°31′[.] 북위 37°31′∼37°41′에 있다. 북쪽으로 포천시·의정부시[.] 동쪽으로 가평군[.] 북한강을 경계로 양평군[.] 남쪽으로 한강을 경계로 광주시·하남시[.] 서쪽으로 구리시·서울특별시와 접한다. 남부의 한강 유역에는 사암·역암·점토 등으로 이루어진 충적층이 나타나고[.] 동부 일대는 편암·반상변정질 편마암이 분포하며[.] 그밖의 대부분 지역은 호상편마암으로 되어 있다. 시내를 광주산맥이 지나고 있어 복잡한 지형을 이룬다.,https://www.nyj.go.kr/culture/223
경기도,오산,230705,37.14980960000001,127.0772212,경기도 오산,31,22,https://tong.visitkorea.or.kr/cms/resource/35/2675335_image2_1.jpg,동경 127°[.] 북위 37°에 있다. 북쪽으로 화성시 병점동·안녕동읍[.] 동쪽으로 화성시 동탄면[.] 서쪽으로 화성시 정남면과 접하며[.] 남쪽으로 평택시와 경계를 이룬다.,https://www.osan.go.kr/depart/contents.do?mId=0910030000
경기도,시흥,511314,37.37988770000001,126.8031025,경기도 시흥,31,14,https://tong.visitkorea.or.kr/cms/resource/12/2671612_image2_1.jpg,북쪽으로 부천시[.] 동쪽으로 광명시·안양시[.] 남쪽으로 안산시[.] 서쪽으로 인천광역시와 접하고 서해에 면한다. 서울·인천·부천시 등과 가깝고 교통이 편리하여 수도권의 주거·공업 분담도시이다.,https://www.siheung.go.kr/portal/treasureMap/list.do?mId=0801020000
경기도,군포,270584,37.3616703,126.9351741,경기도 군포,31,7,https://tong.visitkorea.or.kr/cms/resource/53/1253553_image2_1.jpg,북쪽은 안양시[.] 서쪽은 안산시[.] 남쪽은 수원시[.] 동쪽은 의왕시에 접한다. 2013년 기준 11개동으로 이루어져 있으며[.] 시청소재지는 군포시 청백리길 6(금정동 844)이다.,http://culture.gunpo.go.kr/main/culture/index.jsp
경기도,의왕,162215,37.344701,126.9683104,경기도 의왕,31,24,https://tong.visitkorea.or.kr/cms/resource/71/1591571_image2_1.jpg,동경 126°55′~ 127°03′[.] 북위 37°18′~ 37°24′에 위치하고 있다. 경기도 중서부에 위치하고 있으며 동서가 협소하고 남북이 긴 지형으로서 북쪽으로 과천시[.] 남쪽으로 수원시[.] 동쪽으로 용인시의 수지구과 성남시[.] 서쪽으로 안양시·군포시와 접한다. 경수산업도로 및 경부선 철도가 관통하고 있는 교통의 요충지이다.,http://www.uiwang.go.kr/culture/index
경기도,하남,305908,37.5392646,127.2148919,경기도 하남,31,30,https://tong.visitkorea.or.kr/cms/resource/06/2667406_image2_1.jpg,서울 강동구·송파구와 접하고 있는 수도권 도시로[.] 대부분의 주민이 서울지역에 직장을 두고 있다.,https://www.hanam.go.kr/www/contents.do?key=3334
경기도,용인,1077826,37.2410864,127.1775537,경기도 용인,31,23,https://tong.visitkorea.or.kr/cms/resource/92/1860092_image2_1.jpg,경도 127°01′~127°26′[.] 북위 37°05′~37°22′에 있다. 한반도 및 경기도의 중심에 있으며[.] 동쪽은 이천시[.] 서쪽은 수원시와 화성시[.] 남쪽은 안성시·평택시[.] 북쪽은 성남시·광주시와 접한다.,https://www.yongin.go.kr/tour/index.do
경기도,파주,472260,37.7598688,126.7801781,경기도 파주,31,27,https://tong.visitkorea.or.kr/cms/resource/35/2706535_image2_1.jpg,동부 및 북동부는 감악산(紺獄山:675m)·노고산(老姑山:401m) 등의 산봉을 경계로 양주시·연천군에 접하고[.] 남부는 명봉산(鳴鳳山:245m)·개명산(開明山) 등의 산봉을 경계로 고양시와 접하며[.] 북서부는 군사분계선으로 그 사이를 임진강(臨津江)이 흐른다.,https://tour.paju.go.kr/user/tour/main/index.do
경기도,이천,220904,37.271995200000006,127.4348221,경기도 이천,31,26,https://tong.visitkorea.or.kr/cms/resource/33/882433_image2_1.jpg,경도 127°20′~ 127°38′[.] 북위 37°03′~ 37°22′에 위치하고 있으며[.] 동쪽은 여주시[.] 북쪽은 광주시[.] 서쪽은 용인시·안성시[.] 남쪽은 충청북도 음성군 등과 접한다.,https://www.icheon.go.kr/tour/index.do
경기도,안성,189060,37.0079695,127.27967859999998,경기도 안성,31,16,https://tong.visitkorea.or.kr/cms/resource/43/1954543_image2_1.jpg,동쪽은 이천시[.] 서쪽은 평택시[.] 북쪽은 용인시와 접하고[.] 남동쪽은 차령산맥(車嶺山脈)을 경계로 충청북도의 음성군·진천군에 연결되며[.] 남서쪽은 충청남도의 천안시와 이어져서 경기도·충청북도·충청남도 3도의 도계(道界)를 형성한다.,https://www.anseong.go.kr/tour/main.do
경기도,김포,483642,37.6152464,126.7156325,경기도 김포,31,8,https://tong.visitkorea.or.kr/cms/resource/76/2377576_image2_1.jpeg,북쪽과 동쪽으로 한강을 사이에 두고 각각 북한 개풍군과 파주시·고양시[.] 남쪽과 염하를 사이에 둔 서쪽으로 인천광역시[.] 남동쪽으로 서울특별시에 접한다. 강화만 및 한강 하구부·염하 등이 3면을 둘러싸 반도 형태를 이루어 김포반도라 부른다.,http://www.gimpo.go.kr/culture/index.do
경기도,화성,870361,37.199493200000006,126.8311887,경기도 화성,31,31,https://tong.visitkorea.or.kr/cms/resource/29/2482729_image2_1.jpg,북쪽으로 안산시·수원시[.] 동쪽으로 용인시[.] 남쪽으로 오산시 및 평택시와 접하고[.] 서쪽으로 경기만의 경기도 안산시에 속하는 여러 섬과 대하면서 그 지만(支灣)인 남양만(南陽灣)·아산만(牙山灣)에 면한다.,https://tour.hscity.go.kr/NEW/0index/index.jsp
경기도,광주,384714,37.4171413,127.2561413,경기도 광주,31,5,https://tong.visitkorea.or.kr/cms/resource/56/2612856_image2_1.jpg,동쪽으로 여주시·양평군[.] 서쪽으로 성남시[.] 남쪽으로 용인시·이천시에 접하고[.] 북쪽으로 한강을 사이에 두고 서울특별시와 경기도 남양주시에 접한다.,https://www.gjcity.go.kr/tour/main.do
경기도,양주,235394,37.7852875,127.0458453,경기도 양주,31,18,https://tong.visitkorea.or.kr/cms/resource/61/1889961_image2_1.jpg,동쪽은 포천시[.] 서쪽은 파주시·고양시[.] 남쪽은 고양시·서울특별시[.] 북쪽은 연천군·동두천시와 접하고 있다. 동경 127°06′∼127°54′[.] 북위 37°39′∼37°56′에 위치한다. 면적은 310.36㎢이고[.] 인구는 20만 5184명(2015년 현재)이다. 행정구역으로는 1개 읍[.] 4개 면[.] 6개 행정동(17개 법정동)[.] 100개 행정리(37개 법정리)가 있다. 시청은 경기도 양주시 남방동에 있다.,https://www.yangju.go.kr/tour/index.do
경기도,포천,147597,37.8949148,127.2003551,경기도 포천,31,29,https://tong.visitkorea.or.kr/cms/resource/94/2031794_image2_1.jpg,동쪽과 북동쪽으로 가평군[.] 강원도 화천군[.] 서쪽으로 천보산맥(天寶山脈)을 경계로 양주시[.] 남쪽으로 의정부시·남양주시[.] 북서쪽으로 한탄강·지장봉(地藏峰)·화인봉(花人峰) 등을 경계로 연천군[.] 북쪽으로 강원도 철원군과 접한다.,https://www.pocheon.go.kr/ktour/index.do
경기도,여주,112177,37.2980237,127.6371628,경기도 여주,31,20,https://tong.visitkorea.or.kr/cms/resource/91/1955791_image2_1.jpg,대략 한반도의 중앙부에 해당되고 동쪽은 강원도 원주시와 충청북도 충주시[.] 남서쪽은 이천시[.] 서쪽은 광주시[.] 북쪽은 양평군과 접한다.,http://www.yeoju.go.kr/main/culture/
경기도,연천,43042,38.0964438,127.0748335,경기도 연천,31,21,https://tong.visitkorea.or.kr/cms/resource/97/1859997_image2_1.jpg,서쪽은 북한 황해도 장단군[.] 남쪽은 파주시·양주시·동두천시[.] 동쪽은 포천시·강원도 철원군[.] 북쪽은 강원도 철원군·황해도 금천군에 접한다.,https://www.yeoncheon.go.kr/tour/index.do
경기도,가평,62364,37.8315403,127.5098827,경기도 가평,31,1,https://tong.visitkorea.or.kr/cms/resource/77/219377_image2_1.jpg,북쪽으로 강원도 화천군[.] 동쪽으로 강원도 춘천시·홍천군[.] 남쪽으로 양평군[.] 서쪽으로 남양주시·포천시에 접한다.,https://www.gptour.go.kr/
경기도,양평,120012,37.4912195,127.4875607,경기도 양평,31,19,https://tong.visitkorea.or.kr/cms/resource/83/2560083_image2_1.jpg,북쪽은 가평군과 강원도 홍천군[.] 서쪽은 북한강을 사이에 두고 남양주시·광주시[.] 남쪽은 여주시[.] 동쪽은 강원도 횡성군·원주시와 접한다.,http://tour.yp21.net/gcontent/intro.asp
강원도,춘천,282511,37.8813153,127.7299707,강원도 춘천,32,13,https://tong.visitkorea.or.kr/cms/resource/36/2712636_image2_1.jpg,북쪽은 화천군·양구군[.] 서쪽은 경기도 가평군[.] 남쪽은 홍천군[.] 동쪽은 인제군과 접한다. 시를 상징하는 꽃은 개나리[.] 나무는 은행나무[.] 새는 산까치[.] 동물은 호랑이이다.,http://tour.chuncheon.go.kr/
강원도,원주,354978,37.3422186,127.9201621,강원도 원주,32,9,https://tong.visitkorea.or.kr/cms/resource/51/2531651_image2_1.JPG,경도 127°54′∼128°03′[.] 북위 37°17′∼37°24′에 있다. 한반도의 중심부이자[.] 강원도의 남서부에 있으며[.] 반도의 백두대간에 남북으로 길게 뻗은 태백산맥을 중심으로 서남쪽에 자리잡고 있다. 동쪽은 영월군·횡성군[.] 서쪽은 경기도 여주시·양평군[.] 북쪽은 횡성군[.] 남쪽은 충청북도 충주시·제천시와 접한다.,https://www.wonju.go.kr/tour/index.do
강원도,강릉,212784,37.751853,128.8760574,강원도 강릉,32,1,https://tong.visitkorea.or.kr/cms/resource/96/598296_image2_1.jpg,북쪽으로 양양군[.] 서쪽으로 홍천군·평창군·정선군[.] 남쪽으로 동해시와 접하고[.] 동쪽으로 동해와 만난다.,http://www.gntour.go.kr/
강원도,동해,89999,37.52471920000001,129.1142915,강원도 동해,32,3,https://tong.visitkorea.or.kr/cms/resource/40/2671440_image2_1.jpg,북쪽은 강릉시 옥계면[.] 서쪽은 정선군 임계면[.] 남쪽은 삼척시 하장면·미로면·교동[.] 동쪽은 바다에 접한다. 동서 길이 약 17.8km[.] 남북 길이 약 19.8km이다. 10개 동으로 이루어져 있으며[.] 시청 소재지는 동해시 천곡동 806번지이다.,http://www.dh.go.kr/tour/index.htm
강원도,태백,41419,37.1640654,128.9855649,강원도 태백,32,14,https://tong.visitkorea.or.kr/cms/resource/70/2656670_image2_1.jpg,북쪽과 동쪽으로 삼척시[.] 남쪽으로 경상북도 봉화군[.] 서쪽으로 영월군·정선군에 접한다.,http://tour.taebaek.go.kr/site/ko/pages/index.jsp
강원도,속초,82254,38.2070148,128.5918489,강원도 속초,32,5,https://tong.visitkorea.or.kr/cms/resource/40/2616840_image2_1.jpg,북쪽으로 고성군 토성면[.] 서쪽으로 인제군 북면[.] 남쪽으로 양양군 강현면 등과 접하고[.] 동쪽으로는 동해와 접한다.,https://www.sokchotour.com/
강원도,삼척,64073,37.4498683,129.16520590000002,강원도 삼척,32,4,https://tong.visitkorea.or.kr/cms/resource/60/2665260_image2_1.jpg,북쪽은 동해시[.] 서쪽은 정선군·태백시[.] 남쪽은 경상북도 울진군·봉화군에 접하고[.] 동쪽은 동해에 면한다. 동서간 거리 46.7km[.] 남북간 거리 59.5 km이다. ,http://tour.samcheok.go.kr/main/
강원도,홍천,68619,37.6969518,127.8886827,강원도 홍천,32,16,https://tong.visitkorea.or.kr/cms/resource/70/608470_image2_1.jpg,남한의 시·군 가운데 면적이 가장 넓으며[.] 서울특별시의 3배이다. 북쪽으로 춘천시와 인제군[.] 서쪽으로 경기도 가평군·양평군[.] 남쪽으로 횡성군과 평창군[.] 동쪽으로 양양군과 강릉시에 접한다.,https://www.hongcheon.go.kr/tour/index.do
강원도,횡성,46614,37.4917566,127.9849295,강원도 횡성,32,18,https://tong.visitkorea.or.kr/cms/resource/21/2657021_image2_1.jpg,북쪽으로 홍천군[.] 서쪽으로 경기도 양평군[.] 남쪽으로 원주시·영월군[.] 동쪽으로 평창군에 접한다.,http://www.hsg.go.kr/tour.web
강원도,영월,38057,37.183637,128.4617535,강원도 영월,32,8,https://tong.visitkorea.or.kr/cms/resource/85/483785_image2_1.jpg,북쪽으로 정선군·평창군[.] 서쪽으로 횡성군·원주시[.] 남쪽으로 충청북도 제천시·단양군 및 경상북도 영주시·봉화군[.] 동쪽으로 강원도 태백시에 접한다.,http://www.ywtour.go.kr/
강원도,평창,41109,37.370474,128.38997690000002,강원도 평창,32,15,https://tong.visitkorea.or.kr/cms/resource/90/2616890_image2_1.jpg,태백산맥에 위치해 있어 해발고도가 700m 이상인 곳이 전체 면적의 약 60%를 차지한다. 특히 북·서·동 3면은 높은 산지로 둘러싸여 있으며[.] 남쪽으로 경사진 지형을 나타낸다.,http://tour.pc.go.kr/
강원도,정선,35952,37.3807549,128.66095049999998,강원도 정선,32,11,https://tong.visitkorea.or.kr/cms/resource/18/582618_image2_1.jpg,북쪽으로는 강릉시와 접하고[.] 북서쪽으로는 평창군이[.] 남쪽은 영월군이[.] 동쪽으로는 동해시·삼척시·태백시와 인접한다.,https://www.jeongseon.go.kr/tour
강원도,철원,43932,38.14660900000001,127.3132256,강원도 철원,32,12,https://tong.visitkorea.or.kr/cms/resource/99/2567099_image2_1.jpg,동쪽으로 화천군[.] 서쪽으로 연천군[.] 포천시[.] 남쪽으로 포천시[.] 북쪽으로 평강군[.] 김화군과 접한다. 군을 상징하는 꽃은 철쭉이고[.] 나무는 잣나무[.] 새는 두루미이다. 군의 중앙을 북동쪽에서 남서쪽으로 흐르는 한탄강을 중심으로 북서부 평야지역과 남동부 산지로 크게 양분된다.,http://tour.cwg.go.kr/site/tour/main.do
강원도,화천,24408,38.1056484,127.7080492,강원도 화천,32,17,https://tong.visitkorea.or.kr/cms/resource/81/172381_image2_1.jpg,북쪽으로 철원군[.] 서쪽으로 경기도 포천시·가평군[.] 남쪽으로 춘천시[.] 동쪽으로 양구군에 접한다. ,http://tour.ihc.go.kr/hb/portal
강원도,양구,22027,38.1100701,127.9898825,강원도 양구,32,6,https://tong.visitkorea.or.kr/cms/resource/15/2668215_image2_1.jpg,북쪽은 창도군[.] 동쪽은 인제군[.] 남쪽은 춘천시[.] 서쪽은 화천군·철원군과 접한다. 태백산맥의 연봉들이 남북으로 지나는데[.] 군의 동단부에는 가칠봉(加七峰:1[.]242m)·대우산(大愚山:1[.]179m)·대암산(大巖山:1[.]304m)이 이어지고[.] 중앙부에는 지혜산(智惠山:1[.]024m)·봉화산(烽火山:875m)[.] 서단부에는 어은산(魚隱山:1[.]277m)·백석산(白石山:1[.]142m)·사명산(四明山:1[.]198m)을 연결하는 봉우리가 이어져 군 전체가 험준한 내륙 산간지역을 이룬다.,http://www.ygtour.kr/
강원도,인제,31835,38.0694675,128.17069909999998,강원도 인제,32,10,https://tong.visitkorea.or.kr/cms/resource/55/2607555_image2_1.jpg,동경 127°59′~ 128°32′[.] 북위 37°21′~ 37°36′에 위치하고 있다. 강원도의 중동부 태백산맥을 중심으로 한 영서북부지역으로 한국의 중앙부에 위치해 있다.,http://tour.inje.go.kr/tour
강원도,고성,26924,38.3801292,128.4674385,강원도 고성,32,2,https://tong.visitkorea.or.kr/cms/resource/87/217287_image2_1.jpg,북쪽으로 통천군[.] 남쪽으로 속초시[.] 서쪽으로 회양군과 인제군에 접하고[.] 동쪽으로 동해에 면하고 있다. 서쪽은 금강산(金剛山:1[.]638m)·무산(巫山:1[.]319m)·향로봉(香爐峰:1[.]293m)을 연결하는 태백산맥의 분수령이 험준한 산악을 이루고[.] 동해안 쪽으로 급사면을 이루다가 해안에 이르러 좁은 평야를 이룬다.,https://www.gwgs.go.kr/tour/index.do
강원도,양양,28035,38.0753925,128.6188503,강원도 양양,32,7,https://tong.visitkorea.or.kr/cms/resource/47/2711347_image2_1.jpg,북쪽으로 속초시[.] 서쪽으로 인제군[.] 남쪽으로 강릉시·홍천군에 접하고[.] 동쪽으로 동해에 면한다.,https://tour.yangyang.go.kr/tour
충청북도,청주,847392,36.6424341,127.4890319,충청북도 청주,33,10,https://tong.visitkorea.or.kr/cms/resource/41/2601641_image2_1.jpg,충청북도 중앙부에 있는 도청소재지. 2014년 7월 1일 청원군과 통합하여 도농통합시로 출범하였다. 동쪽으로 괴산군과 보은군[.] 서쪽으로 세종특별자치시와 충남 천안시[.] 남쪽으로 대전광역시[.] 북쪽으로 진천군·증평군과 접한다. 서울에서 동남쪽으로 128㎞ 거리에 있으며[.] 충청북도의 도청소재지로서 정치·행정·경제·교육·문화의 중심지이다.,http://www.cheongju.go.kr/tour/index.do
충청북도,충주,209638,36.9910113,127.9259497,충청북도 충주,33,11,https://tong.visitkorea.or.kr/cms/resource/86/2392686_image2_1.jpg,동쪽은 제천시[.] 서쪽은 음성군[.] 남쪽은 괴산군[.] 경상북도 문경시[.] 북쪽은 경기도 여주시과 강원도 원주시와 접하고 있다. 1읍 12면 12동으로 이루어져 있으며[.] 시청 소재지는 충주시 금능동 700번지이다. 시를 상징하는 꽃은 국화[.] 나무는 사과나무[.] 새는 원앙이다.,https://www.chungju.go.kr/tour/
충청북도,제천,132313,37.1325821,128.1909481,충청북도 제천,33,7,https://tong.visitkorea.or.kr/cms/resource/60/489560_image2_1.jpg,동쪽으로는 단양군과 강원도 영월군[.] 서쪽으로는 충주시[.] 남쪽으로는 경상북도 문경시[.] 북쪽으로는 강원도 원주시와 접한다. 수리적으로는 동경 127°55′∼128°20′[.] 북위 36°48′∼37°25′에 있다. 1995년 제천군과 통합시를 이루어 현재 1읍 7면 9동으로 이루어졌고 시청소재지는 천남동이다.,https://tour.jecheon.go.kr/base/main/view
충청북도,보은,32096,36.4894573,127.7294827,충청북도 보은,33,3,https://tong.visitkorea.or.kr/cms/resource/58/1731558_image2_1.jpg,동쪽은 경상북도 상주시[.] 서쪽은 대전광역시와 충청북도 청주시[.] 남쪽은 옥천군[.] 북쪽은 청주시와 괴산군에 접하고 있다. 동경 127°31′∼127°54′[.] 북위 36°22′∼36°36′에 위치한다. 면적은 584.25㎢이고[.] 인구는 3만 4296명(2015년 현재)이다. 행정구역으로는 1개 읍[.] 10개 면[.] 247개 행정리(174개 법정리)가 있다. 군청은 충청북도 보은군 보은읍 이평리에 있다.,http://www.tourboeun.go.kr/tour.do
충청북도,옥천,50282,36.3063646,127.57128090000002,충청북도 옥천,33,5,https://tong.visitkorea.or.kr/cms/resource/86/2721486_image2_1.JPG,동경 127°29′~127°53′[.] 북위 36°10′~36°27′에 위치한다. 남쪽은 영동군[.] 북쪽은 보은군과 접하고[.] 동쪽은 소백산맥을 경계로 경상북도 상주시[.] 서쪽은 대전광역시와 금산군으로 이어져 충청남도·충청북도·경상북도 3개 도의 도계를 형성한다.,https://www.oc.go.kr/tour/index.do
충청북도,영동,46316,36.1750231,127.7834302,충청북도 영동,33,4,https://tong.visitkorea.or.kr/cms/resource/86/764686_image2_1.jpg,동쪽은 경상북도 김천시·상주시[.] 북쪽은 충청북도 옥천군[.] 서쪽은 충청남도 금산군[.] 남쪽은 전라북도 무주군과 접하여 3개 도의 접경지가 되고 있다.,http://tour.yd21.go.kr/html/tour/
충청북도,증평,36499,36.7855019,127.5816556,충청북도 증평,33,12,https://tong.visitkorea.or.kr/cms/resource/01/2005001_image2_1.jpg,충청북도의 한가운데에 있는 군으로[.] 동쪽은 괴산군 청안면(淸安面)[.] 서쪽은 청주시 북이면과 접하고[.] 북쪽은 진천군 초평면(草坪面)[.] 음성군과 접한다. 북쪽에 해발고도 598m의 두타산(頭陀山)이 동서로 길게 솟아 있고[.] 사방에 해발고도 300m 이내의 산이 여럿 있다. 수리적으로는 동경 127˚[.] 북위 36˚에 해당한다. 연평균 기온은 10.4℃[.] 평균 강수량은 1[.]204㎜이다.,https://www.jp.go.kr/tour.do
충청북도,진천,84746,36.8553798,127.4361117,충청북도 진천,33,8,https://tong.visitkorea.or.kr/cms/resource/87/1332387_image2_1.jpg,동쪽은 음성군·괴산군[.] 남쪽은 청주시와 접하고[.] 서쪽은 충청남도 천안시[.] 북쪽은 경기도 안성시에 접하여 충청남도·충청북도·경기도의 도계(道界)를 형성한다.,http://www.jincheon.go.kr/site/tour/main.do
충청북도,괴산,37337,36.815669,127.7865791,충청북도 괴산,33,1,https://tong.visitkorea.or.kr/cms/resource/91/731391_image2_1.jpg,우리나라 내륙지방인 충청북도 동부에 위치하며 소백산맥을 경계로 경상북도 문경시·상주시에 접하고[.] 면적은 842.14㎢로 충청북도 면적의 약 11.3%를 차지한다. 행정구역은 1읍(괴산읍)과 10면(감물면[.] 장연면[.] 연풍면[.] 칠성면[.] 문광면[.] 청천면[.] 청안면[.] 사리면[.] 소수면[.] 불정면)이 있고 행정리는 279곳이며 법정리 126곳 자연마을 580곳이 있다. 남쪽의 청천면이 가장 넓은 면적을 차지하고 있으며 대부분 산지를 형성한다. 서남쪽에는 노령산맥이 위치한다. 북쪽으로 음성군·충주시[.] 서쪽으로 진천군·청원군[.] 남쪽으로 보은군에 접한다.,https://www.goesan.go.kr/tour/index.do
충청북도,음성,92232,36.9396792,127.6905018,충청북도 음성,33,6,https://tong.visitkorea.or.kr/cms/resource/49/1079349_image2_1.jpg,동경 127°27′~127°48′[.] 북위 36°50′~37°09′에 있다. 동쪽은 충주시[.] 남서쪽은 진천군[.] 남쪽은 괴산군과 접하고[.] 북서쪽은 차령산맥을 경계로 경기 여주시·이천시·안성시와 접하여 경기도·충청북도의 경계를 이룬다.,https://www.eumseong.go.kr/tour/index.do
충청북도,단양,28652,36.9845473,128.3655186,충청북도 단양,33,2,https://tong.visitkorea.or.kr/cms/resource/92/2613292_image2_1.jpg,북쪽으로 강원도 영월군[.] 동쪽으로 경상북도 영주시[.] 남쪽으로 경상북도 예천군과 문경시[.] 서쪽으로 충청북도 제천시와 접한다.,https://www.danyang.go.kr/tour/527
충청남도,당진,166754,36.8936109,126.6283278,충청남도 당진,34,4,https://tong.visitkorea.or.kr/cms/resource/20/1932520_image2_1.jpg,동쪽으로는 아산시[.] 서쪽으로 서산시[.] 남쪽으로 예산군에 접하고[.] 북쪽으로는 남양만(南陽灣)·아산만(牙山灣)을 사이에 두고 경기도 화성시·평택시와 마주한다. 행정구역은 합덕읍·송악읍과 고대면·석문면·대호지면·정미면·면천면·순성면·우강면·신평면·송산면 등 2읍 9면 3동으로 이루어져 있다. 시청소재지는 시청1로1(수청동 1002번지)이다.,http://www.dangjin.go.kr/tour.do
충청남도,천안,657503,36.815129,127.1138939,충청남도 천안,34,12,https://tong.visitkorea.or.kr/cms/resource/22/565822_image2_1.jpg,동쪽은 충청북도 청주시·진천군[.] 북쪽은 경기도 안성시·평택시[.] 남쪽은 세종특별자치시·공주시와 접하고[.] 서쪽으로는 아산시와 접경한다. 2구 4읍 8면 18동으로 이루어져 있다. 시를 상징하는 꽃은 개나리이고[.] 나무는 능수버들[.] 새는 비둘기[.] 동물은 용이다.,http://www.cheonan.go.kr/tour.do
충청남도,공주,103640,36.4465346,127.1191534,충청남도 공주,34,1,https://tong.visitkorea.or.kr/cms/resource/77/1600077_image2_1.jpg,동쪽은 대전광역시와 세종특별자치시[.] 서쪽은 예산군·청양군[.] 남쪽은 논산시·부여군[.] 북쪽은 아산시·천안시와 접한다.,http://tour.gongju.go.kr/html/kr/
충청남도,보령,98993,36.3331629,126.6129441,충청남도 보령,34,5,https://tong.visitkorea.or.kr/cms/resource/32/218932_image2_1.jpg,동경 125°57′∼동경 126°44′[.] 북위 36°10′∼북위 36°31′에 위치하고 있다. 동서간 연장거리 71㎞[.] 남북간 연장거리 42㎞이지만 서해의 도서를 제외하면 육지는 대략 남북으로 타원형을 이룬다. 북쪽으로 홍성군·태안군[.] 동쪽으로 청양군·부여군[.] 남쪽으로 서천군과 접하고[.] 서쪽으로는 114.9㎞의 해안선이 황해에 면한다. 유인도 15개도[.] 무인도 63개도의 총 78개의 도서가 있다. 시가지를 중심으로 남북으로는 장항선 철도와 국도 21호선이[.] 동서로는 국도 36호와 40호선이 각각 통과하여 서해안 교통의 중심을 이루는 지역이다.,http://www.brcn.go.kr/tour.do
충청남도,아산,320340,36.789796,127.0018494,충청남도 아산,34,9,https://tong.visitkorea.or.kr/cms/resource/59/2366359_image2_1.jpg,동경 126°28′∼127°07′[.] 북위 36°37′∼36°38′에 위치하고 있다. 동서간 연장거리 29km[.] 남북간 연장거리 34km이다. 첨단 산업지대로 부상하고 있는 광역아산만권의 중심도시로서 동쪽은 천안시[.] 서쪽은 당진시[.] 남쪽은 예산군·공주시[.] 북쪽은 아산만을 사이에 두고 경기도 평택시와 접한다.,https://www.asan.go.kr/tour/
충청남도,서산,176090,36.78449929999999,126.4503169,충청남도 서산,34,7,https://tong.visitkorea.or.kr/cms/resource/81/2671481_image2_1.jpg,동쪽은 당진시·예산군[.] 남쪽은 홍성군[.] 서쪽은 태안군에 접하고[.] 북쪽은 아산만에 면한다. 1읍 9면 5동으로 이루어져 있으며[.] 시청 소재지는 서산시 읍내동 492번지이다.,http://www.seosan.go.kr/tour/index.do
충청남도,논산,115305,36.1870656,127.0987453,충청남도 논산,34,3,https://tong.visitkorea.or.kr/cms/resource/97/1600297_image2_1.jpg,동쪽은 충청남도 금산군·계룡시와 대전광역시 유성구[.]  서쪽은 부여군[.] 북쪽은 공주시[.] 남쪽은 전라북도 익산시·완주군과 접한다. 1996년 군에서 시로 승격하였으며 행정구역은 2읍 11면 2동이다.,https://www.nonsan.go.kr/tour/
충청남도,계룡,43168,36.2745577,127.2485896,충청남도 계룡,34,16,https://tong.visitkorea.or.kr/cms/resource/77/1278277_image2_1.jpg,동쪽은 대전광역시 유성구[.] 서쪽은 논산시 상월면(上月面)·연산면(連山面)[.] 남쪽은 논산시 벌곡면(伐谷面)[.] 북쪽은 공주시 반포면(反浦面)과 접한다. 서쪽으로 국사봉(國師峰)·향적산(香積山)[.] 북쪽으로 신라 5악(五嶽)의 하나로 꼽히는 계룡산(鷄龍山)과 접하고 있어 지형조건상 임야가 전체 면적의 67.5%를 차지한다. 농경지는 19%로 많지 않다.,http://www.gyeryong.go.kr/html/tour/
충청남도,금산,50890,36.10869279999999,127.4880712,충청남도 금산,34,2,https://tong.visitkorea.or.kr/cms/resource/96/2548096_image2_1.jpg,동쪽은 충청북도 영동군·옥천군[.] 서북쪽은 논산시·대전광역시[.] 남쪽은 전라북도 완주군·진안군·무주군과 접한다. 동서의 길이는 24㎞[.] 남북의 길이는 32㎞로 4각형의 지세를 이룬다. 행정구역은 1읍 9면으로 이루어져 있다.,http://www.geumsan.go.kr/tour/
충청남도,부여,64361,36.2754406,126.910178,충청남도 부여,34,6,https://tong.visitkorea.or.kr/cms/resource/33/2366333_image2_1.jpg,동쪽으로 논산시[.] 서쪽으로 보령시와 서천군[.] 북쪽으로 청양군과 공주시[.] 남쪽으로 전라북도 익산시와 접한다. 동서간 거리 34.3km[.] 남북간 거리 33.6km이다. 1읍 15면으로 이루어져 있으며[.] 군청 소재지는 부여군 부여읍 동남리 725번지이다.,http://tour.buyeo.go.kr/html/tour/
충청남도,서천,51153,36.0803312,126.6913277,충청남도 서천,34,8,https://tong.visitkorea.or.kr/cms/resource/05/1870705_image2_1.jpg,동쪽은 부여군[.] 북쪽은 보령시와 접하고[.] 남쪽은 금강을 경계로 전라북도 군산시와 마주하며[.] 서쪽은 황해로 열려 있다.,http://tour.seocheon.go.kr/
충청남도,청양,30548,36.4588326,126.8022116,충청남도 청양,34,13,https://tong.visitkorea.or.kr/cms/resource/08/607708_image2_1.jpg,동쪽은 공주시[.] 서쪽은 보령시[.] 남쪽은 부여군[.] 북쪽은 홍성군과 예산군에 접하고 있다. 1읍 9면으로 이루어져 있으며[.] 군청 소재지는 청양군 청양읍 송방리 100번지이다. 군을 상징하는 꽃은 철쭉[.] 나무는 느티나무[.] 새는 원앙이다.,http://tour.cheongyang.go.kr/tour.do
충청남도,홍성,99440,36.60123,126.6607764,충청남도 홍성,34,15,https://tong.visitkorea.or.kr/cms/resource/39/1962039_image2_1.jpg,동쪽에 예산군[.] 북쪽에 서산시[.] 남동쪽에 청양군[.] 남서쪽에 보령시가 접하고[.] 서쪽으로 천수만(淺水灣)에 면한다.,http://tour.hongseong.go.kr/tour.do
충청남도,예산,77348,36.6826123,126.8483951,충청남도 예산,34,11,https://tong.visitkorea.or.kr/cms/resource/85/2357885_image2_1.jpg,동경 126°35′∼126°58′[.] 북위 36°32′∼36°48′에 있다. 동쪽은 공주시[.] 서쪽은 홍성군과 서산시[.] 남쪽은 청양군[.] 북쪽은 당진시·아산시와 접한다. 예산읍이 중심지가 되어 온양방면[.] 당진방면[.] 홍성방면[.] 공주방면 등 네 갈래의 교통로가 이곳으로부터 펼쳐져 있어 충청남도 북서부지역 도로교통의 중심이자 분기점 역할을 한다.,http://www.yesan.go.kr/tour/index.do
충청남도,태안,61867,36.74564210000001,126.2980528,충청남도 태안,34,14,https://tong.visitkorea.or.kr/cms/resource/75/2426575_image2_1.jpg,군의 대부분이 황해에 면하고[.] 동쪽만이 서산시·홍성군·보령시에 접한다.,http://www.taean.go.kr/tour.do
전라북도,전주,657428,35.8242238,127.14795320000002,전라북도 전주,37,12,https://tong.visitkorea.or.kr/cms/resource/67/2654567_image2_1.jpg,동경 126°59′~ 127°14′[.] 북위 35°43′~ 35°53′에 있다. 전라북도 행정·교육·문화의 중심지이며 도청소재지이다. 서쪽 일부와 북쪽 일부가 김제시와 익산시에 접하고 전북 중앙부를 북동으로부터 남서로 뻗어있는 노령산맥의 지류인 기린봉[.] 고덕산[.] 남고산[.] 모악산 그리고 완산칠봉 등이 시가지의 동·남·서방에 둘러싸여 분지를 이루고 있다.,http://tour.jeonju.go.kr/
전라북도,군산,266389,35.96767720000001,126.7366293,전라북도 군산,37,2,https://tong.visitkorea.or.kr/cms/resource/56/2649956_image2_1.jpg,호남평야 북서부 말단[.] 금강 하구 좌안(남안)에 있으며[.] 동쪽은 익산시[.] 북쪽은 금강을 사이에 두고 충청남도 서천군[.] 남쪽은 만경강을 경계로 김제시와 접하고[.] 서쪽은 황해에 면한다.,https://www.gunsan.go.kr/tour/
전라북도,익산,280072,35.948285799999994,126.9575991,전라북도 익산,37,9,https://tong.visitkorea.or.kr/cms/resource/98/2514998_image2_1.jpg,동경 126°51′∼127°08′[.] 북위 35°52′∼36°09′에 위치하고[.] 남북간 연장거리는 31.65㎞이다. 동쪽은 완주군[.] 충청남도 논산시와 서쪽은 군산시[.] 충청남도 부여군[.] 남쪽은 김제시[.] 북쪽은 금강을 경계로 충청남도 부여군·논산시와 접한다. 호남·전라·군산선이 교차하며 호남고속도로가 동부를 지나는 금마 진입로가 있고 1번·23번 국도 등 10여 개의 국도와 지방도를 이용해 전국 각지로 연결되는 교통의 중심지이다.,http://www.iksan.go.kr/tour/index.iksan
전라북도,정읍,107422,35.5698855,126.8558955,전라북도 정읍,37,13,https://tong.visitkorea.or.kr/cms/resource/25/2616825_image2_1.jpg,동경 127°07′∼126°43′[.] 북위 35°27′∼35°45′에 위치하고 있다. 대도시 전주와 광주의 중간지점에 자리잡고 있으며[.] 호남 서해안 지방을 연결하는 교통의 요지이다. 동쪽은 임실군·완주군[.] 서쪽은 부안군·고창군[.] 북쪽은 김제시[.] 남쪽은 순창군과 전라남도 장성군과 접한다. 시청 소재지는 정읍시 수성동에 있다.,http://culture.jeongeup.go.kr/
전라북도,남원,80032,35.416357,127.3904877,전라북도 남원,37,4,https://tong.visitkorea.or.kr/cms/resource/54/1976054_image2_1.jpg,동경 127°21′~ 127°26′[.] 북위 35°22′~ 35°28′에 위치한다. 동쪽으로 경남 함양군·하동군[.] 서쪽으로 임실군·순창군[.] 북쪽으로 장수군[.] 남쪽으로 전남 구례군·곡성군에 접한다.,http://www.namwon.go.kr/tour/index.do
전라북도,김제,81462,35.8036079,126.8808872,전라북도 김제,37,3,https://tong.visitkorea.or.kr/cms/resource/15/197015_image2_1.jpg,동쪽으로 전주시·완주군[.] 남쪽으로 정읍시·부안군[.] 북쪽으로 익산시·군산시와 접하며[.] 서쪽은 황해에 면한다.,https://www.gimje.go.kr/tour/index.gimje
전라북도,완주,91024,35.891275,127.253895,전라북도 완주,37,8,https://tong.visitkorea.or.kr/cms/resource/52/609052_image2_1.jpg,동경 126°59' ~127°19'[.] 북위 35°07'~36°02'에 있다. 노령산맥의 서쪽 사면과 호남평야의 북동 연변부를 차지하며 전주시를 둘러싸고 있다. 동쪽은 노령산맥의 주능선을 경계로 진안군과 충청남도 금산군[.] 서쪽은 익산시·김제시[.] 남서쪽은 정읍시[.] 남쪽은 임실군과 접하며 북쪽은 충청남도 논산시·금산군과 인접하여 도계를 이룬다. 도로는 전주를 중심으로 4통 5달의 교통 요충지로서 군산·서울·부산·대구·목포·광주·여수로 통하는 국도와 지방도가 있고[.] 철도는 전라선이 남북으로 관통한다.,http://www.wanju.go.kr/tour/index.wanju
전라북도,진안,25181,35.79172970000001,127.4248356,전라북도 진안,37,14,https://tong.visitkorea.or.kr/cms/resource/75/219375_image2_1.jpg,북동쪽은 무주군[.] 남동쪽은 장수군[.] 서쪽은 완주군[.] 남서쪽은 임실군과 접하며[.] 북쪽은 충청남도 금산군과 도계(道界)를 이룬다. 1개 읍 10개 면으로 이루어졌고[.] 군청 소재지는 진안읍 군하리(郡下里)이다.,https://jinan.go.kr/tour
전라북도,무주,23875,36.0068191,127.6607805,전라북도 무주,37,5,https://tong.visitkorea.or.kr/cms/resource/31/219131_image2_1.jpg,서쪽으로 진안군·장수군[.] 북쪽으로 충청남도 금산군·충청북도 영동군[.] 동쪽으로 경상북도 김천시와 경상남도 거창군에 접한다. 1읍 5면으로 이루어져 있으며[.] 군청 소재지는 무주군 무주읍 주계로 97이다.,https://tour.muju.go.kr/tour/index.do
전라북도,장수,21880,35.647276700000006,127.5211363,전라북도 장수,37,11,https://tong.visitkorea.or.kr/cms/resource/33/798833_image2_1.jpg,경도 127°22′~ 127°42′[.] 북위 35°28′~ 35°49′에 위치하고 있다. 동쪽은 소백산맥의 주능선을 경계로 경상남도 함양군·거창군으로 이어져 경상남도·전라북도의 도계를 이루고[.] 서쪽은 진안군·임실군[.] 남쪽은 남원시[.] 북쪽은 무주군과 접한다.,https://www.jangsu.go.kr/tour/index.jangsu
전라북도,임실,27009,35.6110549,127.2826599,전라북도 임실,37,10,https://tong.visitkorea.or.kr/cms/resource/74/2671574_image2_1.jpg,동경 127°05′~ 127°26′[.] 북위 35°27′~ 35°47′에 위치하고 있다. 북동쪽은 진안군과 장수군[.] 남동쪽은 남원시[.] 남쪽은 순창군[.] 서쪽은 섬진강을 경계로 정읍시[.] 북서쪽은 완주군과 접하고 전라북도 도청소재지인 전주와는 29km의 거리에 위치하고 있다.,https://tour.imsil.go.kr/
전라북도,순창,27283,35.3744136,127.13759679999998,전라북도 순창,37,7,https://tong.visitkorea.or.kr/cms/resource/95/2634995_image2_1.JPG,동쪽은 섬진강(蟾津江)을 경계로 남원시[.] 북쪽은 임실군[.] 서쪽은 노령산맥의 주능선을 경계로 정읍시와 접하고[.] 남서쪽 및 남쪽은 전라남도 장성군·담양군·곡성군과 접하여 도계(道界)를 이룬다.,http://www.sunchang.go.kr/tour/index.sunchang
전라북도,고창,53869,35.43582160000001,126.7020806,전라북도 고창,37,1,https://tong.visitkorea.or.kr/cms/resource/75/2513775_image2_1.jpg,동남쪽은 노령산맥을 경계로 전라남도 장성군[.] 남쪽은 전라남도 영광군에 접하여 도계(道界)를 이루며[.] 북동쪽으로 정읍시[.] 북쪽으로 일부는 육지[.] 나머지 대부분은 곰소만(灣)을 넘어서 부안군에 접하고[.] 서쪽은 길이 80km의 굴곡이 많은 황해안이다.,http://www.gochang.go.kr/culture/index.gochang
전라북도,부안,51419,35.7315661,126.7334651,전라북도 부안,37,6,https://tong.visitkorea.or.kr/cms/resource/73/2514273_image2_1.jpg,동쪽으로 정읍시[.] 북쪽으로 동진강(東津江) 하구를 경계로 김제시[.] 남쪽으로 곰소만을 경계로 고창군에 접하며[.] 서쪽은 황해와 마주한다. 동서 거리 78.8㎢[.] 남북 거리 25.2㎢이다. 1읍 12면으로 이루어져 있다.,http://www.buan.go.kr/tour/index.buan
전라남도,목포,220794,34.8118351,126.3921664,전라남도 목포,38,8,https://tong.visitkorea.or.kr/cms/resource/11/2497011_image2_1.jpeg,광주광역시 남서쪽 약 80km 지점에 있다. 북동쪽으로 무안군에 접하고[.] 남쪽으로 영산강 하구부 및 다도해 수역을 사이에 두고 영암군의 반도부와 마주 보며[.] 북쪽·서쪽으로 신안군에 속하는 다도해의 여러 섬들과 접한다. 시역(市域)은 반도부 외에 앞바다의 고하도(高下島)·달리도(達里島)·눌도(訥島)를 비롯한 여러 작은 섬들을 포함한다. 소재지는 목포시 양을로 271(용당동 1188-2)번지이다.,http://www.mokpo.go.kr/tour/
전라남도,여수,278481,34.7603737,127.6622221,전라남도 여수,38,13,https://tong.visitkorea.or.kr/cms/resource/75/2367375_image2_1.jpg,남해안 중앙의 여수반도에 위치하고 있어 동쪽은 경상남도 남해군과 바다를 사이에 두고 접하며[.] 서쪽은 순천만을 끼고 고흥반도의 동남쪽[.] 남쪽은 남해[.] 북쪽은 순천시와 접한다. 해안선 총길이는 905.87㎞이며[.] 연륙도 3개[.] 유인도 46개[.] 무인도 268개의 부속도서가 있다. 산맥과 구릉이 동에서 남으로 뻗어 있어 대체로 경사가 급하며 평지가 적다. 해안선은 복잡하고 해저(海底)가 얕아 간석지가 많다. 여수시 도심에 솟아있는 종고산(鐘鼓山)을 중심으로 그 둘레에 시가지가 형성되어 있으며[.] 좁은 해안평지를 따라 동쪽은 마래산(馬來山)[.] 서쪽은 구봉산록(九鳳山麓)에 이르는 4㎞ 지역에 걸쳐 길게 뻗어 있다.,http://tour.yeosu.go.kr/
전라남도,순천,281816,34.950637,127.4872135,전라남도 순천,38,11,https://tong.visitkorea.or.kr/cms/resource/49/2653949_image2_1.jpg,전체 면적의 약 70%가 산지이며[.] 전라남도에서 산이 가장 많은 도시이다. 군의 북부에서 서남부로 문유산(文遊山:688m)·유치산(酉峙山:532m)·오성산(五聖山:608m)·조계산(曹溪山:884m)·고동산(709m)·백이산(伯夷山:584m) 등의 소백산맥의 지맥이 있고[.] 이 산줄기는 북류(北流)하는 보성강(寶城江) 수계[.] 섬진강(蟾津江) 수계와 남류(南流)하는 동천(東川)·이사천(伊沙川)의 분수령을 이룬다.,http://www.suncheon.go.kr/tour/
전라남도,나주,116513,35.016060100000004,126.7107572,전라남도 나주,38,6,https://tong.visitkorea.or.kr/cms/resource/69/1606869_image2_1.jpg,동경 126°30′~ 126°54′[.] 북위 34°58′~ 35°04′에 위치하고 있다. 전남평야의 중심지로서 예로부터 벼농사의 중심지이며 과수농업과 원예농업도 활발하다. 동쪽으로 화순군[.] 서쪽으로 무안군과 함평군[.] 남쪽으로 영암군[.] 북쪽으로 광주 광산구와 접한다. 나주지역을 중심으로 주요도시를 연결하는 국도1호선의 도로조건이 잘 갖추어져 있으며 철도·항공 등의 접근성도 매우 편리한 지역으로 10여 개의 시·군과 교통이 원활한 곳이다.,http://www.naju.go.kr/tour
전라남도,광양,150591,34.9406968,127.6958882,전라남도 광양,38,4,https://tong.visitkorea.or.kr/cms/resource/49/2483749_image2_1.jpg,동경 127°31′∼127°38′[.] 북위 34°54′∼35°10′에 위치하고 있다. 북쪽으로 구례군[.] 서쪽으로 순천시[.] 동쪽으로 섬진강을 끼고 경상남도 하동군과 접경하고[.] 남쪽으로 광양만에 면한다.,http://www.gwangyang.go.kr/tour_culture/index.gwangyang
전라남도,담양,46522,35.3211394,126.9881673,전라남도 담양,38,7,https://tong.visitkorea.or.kr/cms/resource/18/2612518_image2_1.jpg,동쪽은 전라남도 곡성군[.] 서쪽은 장성군[.] 남쪽은 화순군과 광주광역시[.] 북쪽은 전라북도 순창군과 접한다. 1읍 11면으로 이루어져 있다. 군청소재지는 담양읍 객사리이다. 지형은 동서보다 남북이 길며[.] 북쪽이 높고 남쪽이 낮다. 전체면적 중 경지면적이 24.2% 임야 60.7%이다. 북부는 노령산맥의 추월산(731m)·산성산(573m)·광덕산(584m) 등의 산들이 전라북도와 도계를 이룬다. 서쪽으로는 병풍산(822m) 등이 솟아 있다. 남동쪽은 국수봉(558m)·무등산(1[.]187m) 등이 솟아 있으며[.] 남서쪽은 전남평야와 연속하므로 분지상의 지형을 이루고 있다.,http://tour.damyang.go.kr/index.damyang
전라남도,곡성,27916,35.28195529999999,127.2919175,전라남도 곡성,38,3,https://tong.visitkorea.or.kr/cms/resource/89/2032689_image2_1.jpg,북쪽으로 전라북도 순창군·남원시[.] 동쪽으로 구례군[.] 남쪽으로 순천시[.] 서쪽으로 화순군·담양군과 접하고 있다. 북동부 섬진강 유역의 넓은 평야와 순창군과 접해 있는 옥과면(玉果面)의 구릉성 평지를 제외하고[.] 동·서·남면이 노령산맥과 소백산맥의 지맥이 지나가는 산지에 싸여 있다.,http://www.gokseong.go.kr/tour/
전라남도,구례,25255,35.2024947,127.4626534,전라남도 구례,38,5,https://tong.visitkorea.or.kr/cms/resource/68/644268_image2_1.jpg,북쪽으로 전라북도 남원시[.] 남쪽으로 광양시와 순천시[.] 동쪽으로 경상남도 하동군[.] 서쪽으로 곡성군과 접한다. 1읍 7면으로 이루어져 있으며[.] 군청소재지는 구례읍 봉남리 51번지이다.,https://www.gurye.go.kr/tour/main.do
전라남도,고흥,63374,34.6112219,127.284978,전라남도 고흥,38,2,https://tong.visitkorea.or.kr/cms/resource/04/2043904_image2_1.jpg,고흥반도와 유인도 38개[.] 무인도 122개로 이루어져 있다. 동쪽은 순천만(順天灣)을 건너 여수시와[.] 서쪽은 보성만(寶城灣)을 건너 보성군·장흥군과 접하고[.] 남쪽은 다도해에 면한다.,http://tour.goheung.go.kr/
전라남도,보성,39838,34.7714563,127.0798944,전라남도 보성,38,10,https://tong.visitkorea.or.kr/cms/resource/33/2652133_image2_1.jpg,동쪽은 벌교천을 건너 순천시[.] 서쪽은 장흥군[.] 북쪽은 화순군[.] 남쪽은 득량만과 고흥군에 접한다. 2읍 10면으로 이루어져 있으며[.] 군청 소재지는 보성읍 보성리 807-2번지이다.,https://www.boseong.go.kr/tour
전라남도,화순,62153,35.0645029,126.9864799,전라남도 화순,38,24,https://tong.visitkorea.or.kr/cms/resource/50/2644350_image2_1.JPG,동쪽은 곡성군과 순천시[.] 서쪽은 광주광역시와 나주시[.] 남쪽은 보성군과 장흥군[.] 북쪽은 담양군과 접해 있다. 대부분의 지역이 무등산(無等山:1[.]187m) 줄기에 의해 구성되어 있다.,http://www.hwasun.go.kr/index.do?S=S09
전라남도,장흥,37028,34.6816856,126.9069278,전라남도 장흥,38,20,https://tong.visitkorea.or.kr/cms/resource/42/2704942_image2_1.jpg,면적은 618㎢이며[.] 동경 126°47′~ 127°02′[.] 북위 34°25′~ 34°52′에 위치하고 있다. 동쪽으로 보성군[.] 서쪽으로 강진군·영암군[.] 북쪽으로 화순군에 접하고[.] 남쪽으로 다도해·보성만에 면하며[.] 완도·고흥반도 등과 접한다.,http://www.jangheung.go.kr/tour
전라남도,강진,34248,34.6420774,126.767261,전라남도 강진,38,1,https://tong.visitkorea.or.kr/cms/resource/17/2434117_image2_1.jpg,북쪽으로 영암군[.] 동쪽으로 장흥군[.] 서쪽으로 해남군과 접하고[.] 남쪽 다도해에는 완도군의 여러 섬이 흩어져 있다. 남쪽에서 북쪽으로 깊이 패인 도암만으로 군역(郡域)은 남쪽으로 열린 'ㄷ'자형을 이룬다.,http://www.gangjin.go.kr/culture/index.do
전라남도,해남,68055,34.5732516,126.5989274,전라남도 해남,38,23,https://tong.visitkorea.or.kr/cms/resource/36/2367436_image2_1.jpg,동경 126°15′∼126°44′[.] 북위 34°18′∼34°45′에 위치하고 있다. 한국 최남단에 위치한 전라남도 최대의 군으로서 간척지 면적은 203.9㎢이며[.] 동서간 연장거리 44.2km[.] 남북간 연장거리 54.8km에 이른다. 동쪽으로 강진군[.] 북쪽으로 영암군·목포시와 접하며[.] 바다를 사이에 두고 남동쪽으로 완도군[.] 남서쪽으로 진도군[.] 서쪽으로 신안군에 접한다.,http://www.haenam.go.kr/tour
전라남도,영암,53290,34.8001685,126.6967918,전라남도 영암,38,17,https://tong.visitkorea.or.kr/cms/resource/31/1969531_image2_1.jpg,동쪽은 장흥군[.] 남쪽은 해남군·강진군[.] 북쪽은 나주시와 접한다. 군의 북서부에 영산강(榮山江) 하구가 열리고[.] 삼포강(三浦江)·영암천(靈岩川)·도갑천(道岬川)·송계천(松溪川) 등 작은 하천들이 영산강으로 흘러들어 좁은 평야들을 형성하는데 평야에 많은 관개용 저수지가 축조되어 농경지가 발달하였다.,http://tour.yeongam.go.kr/
전라남도,무안,88660,34.9904542,126.4816856,전라남도 무안,38,9,https://tong.visitkorea.or.kr/cms/resource/56/2399156_image2_1.jpg,동쪽은 영산강을 건너 나주시와 영암군[.] 남쪽은 목포시[.] 북쪽은 함평군과 접하고[.] 서쪽은 신안군의 섬들과 마주한다. 3읍 6면으로 이루어져 있으며[.] 무안읍 무안로 530번지(성동리 712번지)이다.,http://tour.muan.go.kr/
전라남도,함평,31526,35.0659399,126.5165524,전라남도 함평,38,22,https://tong.visitkorea.or.kr/cms/resource/35/1809835_image2_1.jpg,동경 126°22′∼126°40′[.] 북위 34°48′∼35°14′에 있다. 한반도의 서남단 전라남도 서해안의 북서부에 자리잡고 있다. 동서간의 연장거리는 26㎞이고 남북간의 연장거리는 29㎞이다. 동쪽으로 나주시와 광주 광산구[.] 남쪽으로 무안군[.] 북쪽으로 영광군·장성군에 접하고 서쪽으로 함평만에 면한다.,https://www.hampyeong.go.kr/tour/
전라남도,영광,52487,35.2771719,126.5119874,전라남도 영광,38,16,https://tong.visitkorea.or.kr/cms/resource/54/189654_image2_1.jpg,동쪽은 장성군[.] 남쪽은 함평군·무안군[.] 북쪽은 전라북도 고창군과 접하고 서쪽으로 황해에 면한다.,http://tour.yeonggwang.go.kr/
전라남도,장성,43915,35.3018333,126.7848541,전라남도 장성,38,19,https://tong.visitkorea.or.kr/cms/resource/97/2040897_image2_1.jpg,전라남도 최북단에 위치하고[.] 동쪽은 담양군[.] 서쪽은 영광군[.] 남쪽은 광주·함평군과 접하며[.] 북쪽은 전북 순창군·정읍시·고창군과 접한다. 호남지방의 중추 거점도시이자[.] 한국 5대 도시인 광주광역시와 인접하고 있기 때문에 대도시권으로써 광주광역시의 영향을 크게 받고 있는 지역이다.,https://www.jangseong.go.kr/home/tour_new
전라남도,완도,49404,34.3110596,126.7550541,전라남도 완도,38,18,https://tong.visitkorea.or.kr/cms/resource/42/1784242_image2_1.jpg,동경 126°15′~127°13′[.] 북위 33°54′~36°08′에 있다. 동쪽은 바다 건너 고흥군·여천군[.] 서쪽은 해남군[.] 북쪽은 해남군·강진군·장흥군과 마주하며[.] 남쪽은 제주[.] 남해에 면한다. 한국 6대 도서 중의 하나로 해상교통의 중심지이다.,http://www.wando.go.kr/tour/
전라남도,진도,30368,34.4868712,126.2634853,전라남도 진도,38,21,https://tong.visitkorea.or.kr/cms/resource/38/1993038_image2_1.jpg,진도는 우리 나라에서 3번째로 큰 섬으로 면적은 약 360㎢ 이며[.] 수리적(數理的)으로는 동경 125°37'∼126°28'[.] 북위 34°08'∼34°35'에 위치한다. 진도군은 진도·상조도·하조도·가사도 등 45개의 유인도와 185개의 무인도 등 230개의 섬으로 이루어져 있다. 전라남도의 군 가운데 구례군·곡성군에 이어 인구가 3번째로 적은 곳으로[.] 인구는 진도읍에 집중되어 있고 조도면의 인구가 가장 적다.,https://www.jindo.go.kr/tour/main.cs
전라남도,신안,38687,34.827332,126.101074,전라남도 신안,38,12,https://tong.visitkorea.or.kr/cms/resource/67/2026067_image2_1.jpg,유인도 111개[.] 무인도 719개 등 830개 섬으로 이루어져 있다. 섬의 수가 국내 전체 섬의 약 25%를 차지한다. 섬들이 황해에 넓게 흩어져 있어 해역이 넓다. 각 섬에는 구릉성 산지가 많고 평지의 발달은 미약하나 연안의 개펄을 간척한 평지는 넓다.,http://tour.shinan.go.kr/
경상북도,포항,503634,36.01901779999999,129.3434808,경상북도 포항,35,23,https://tong.visitkorea.or.kr/cms/resource/54/1967454_image2_1.jpg,북쪽은 영덕군·청송군[.] 남쪽과 서쪽은 경주시·영천시와 접하고 동쪽은 동해에 면하고 있다.,http://phtour.pohang.go.kr/phtour
경상북도,경주,252602,35.8561719,129.2247477,경상북도 경주,35,2,https://tong.visitkorea.or.kr/cms/resource/07/2648907_image2_1.jpg,북동쪽으로 포항시[.] 서쪽으로 영천시·청도군[.] 남쪽으로 울산광역시 울주군[.] 동쪽으로 동해에 면한다. 대부분 경상분지지체에 속하고[.] 양북면 어일리·범곡리와 천북면 등의 일부 지역은 포항분지지체에 속한다. 경상분지 지역은 경상계의 퇴적암층을 뚫고 관입한 불국사관입암층으로[.] 화강암과 반암이 주로 분포한다. 포항분지는 신생대 제3기에 형성된 지층으로 화성암·수성암·역암·사암·응회암 등으로 이루어져 있다.,https://www.gyeongju.go.kr/tour/index.do
경상북도,김천,140293,36.1398393,128.1135947,경상북도 김천,35,6,https://tong.visitkorea.or.kr/cms/resource/54/644554_image2_1.jpg,경상북도 남서부지역의 사회·문화·산업·행정·교통·관광의 중심지이다. 동경 127°52′∼128°18′[.] 북위 35°49′∼36°15′에 위치해 있다. 동쪽으로 칠곡군·성주군[.] 서쪽으로 충청북도 영동군과 전라북도 무주군[.] 남쪽으로 경상남도 거창군[.] 북쪽으로 상주시·구미시와 접한다. 동쪽에는 금오산(金烏山:977m)이 솟아 있고[.] 서쪽에는 황악산(黃岳山:1[.]111m[.] 또는 黃鶴山)이 추풍령과 이어져 충청북도와 경계를 이루며[.] 남서 방향으로 소백산맥의 일맥이 험준한 산악지대를 이룬다. 특히 삼도봉(三道峰:1[.]176m)은 충청북도·전라북도·경상북도의 3도 경계점이다.,http://www.gc.go.kr/culture/
경상북도,안동,157805,36.5683543,128.729357,경상북도 안동,35,11,https://tong.visitkorea.or.kr/cms/resource/43/2654743_image2_1.jpg,동쪽은 영양군·청송군[.] 서쪽은 예천군[.] 남쪽은 의성군[.] 북쪽은 영주시·봉화군과 접한다. 경상북도에서 면적이 가장 넓을 뿐만 아니라 서울 면적의 2.5배나 된다.,http://www.tourandong.com/main.htm
경상북도,구미,414284,36.119485,128.34457340000003,경상북도 구미,35,4,https://tong.visitkorea.or.kr/cms/resource/48/2038148_image2_1.jpg,동북쪽은 군위군·의성군[.] 서쪽은 김천시[.] 동남쪽은 칠곡군[.] 북쪽은 상주시와 접한다. ,https://www.gumi.go.kr/tour/main.do
경상북도,영주,102440,36.80568579999999,128.6240551,경상북도 영주,35,14,https://tong.visitkorea.or.kr/cms/resource/22/2654222_image2_1.jpg,동경 128°25′∼128°44′[.] 북위 36°04′∼36°52′에 있다. 동쪽으로 봉화군과 남쪽으로는 안동시[.] 예천군[.] 서쪽은 충청북도 단양군[.] 북쪽으로는 강원도 영월군과 접하는 소백권과 태백권 교통의 중심지이다.,http://www.yeongju.go.kr/open_content/tour/index.do
경상북도,영천,102099,35.97329149999999,128.9385493,경상북도 영천,35,15,https://tong.visitkorea.or.kr/cms/resource/42/1614942_image2_1.jpg,동경 128°41′∼129°08′[.] 북위 35°50′∼36°11′에 있다. 동쪽은 포항시·경주시[.] 서쪽은 대구·군위군·경산시[.] 남쪽은 경산시·청도군[.] 북쪽은 군위군·청송군·포항시와 접한다. 행정구역은 1읍 10면 5동으로 이루어졌으며[.] 시청 소재지는 영천시 문외동에 있다.,https://www.yc.go.kr/tour/
경상북도,상주,96273,36.4109466,128.1590828,경상북도 상주,35,9,https://tong.visitkorea.or.kr/cms/resource/25/609425_image2_1.jpg,북쪽으로 문경시[.] 충청북도 괴산군[.] 동쪽으로 예천군·의성군·구미시[.] 서쪽으로 충청북도 보은군·옥천군[.] 남쪽으로 김천시[.] 충청북도 영동군과 접한다. 동서간 거리 48.3㎞[.] 남북간 거리 49㎞이다. ,https://www.sangju.go.kr/tour/main.tc
경상북도,문경,71409,36.586148,128.1867972,경상북도 문경,35,7,https://tong.visitkorea.or.kr/cms/resource/56/1613456_image2_1.jpg,동경 127°52′∼128°22′[.] 북위 36°30′∼36°52′에 위치하고 있다. 북쪽으로 충청북도 단양군·제천시·충주시[.] 동쪽으로 예천군[.] 남쪽으로 상주시[.] 서쪽으로 충청북도 괴산군과 접한다.,https://www.gbmg.go.kr/tour/
경상북도,경산,266747,35.8250555,128.7415441,경상북도 경산,35,1,https://tong.visitkorea.or.kr/cms/resource/34/655734_image2_1.jpg,북동쪽은 영천시[.] 남동쪽은 청도군[.] 서쪽은 대구광역시에 접한다. 시청은 경산시 남매로 159번지에 있다. 대구분지의 남동부에 자리잡고 있으며[.] 북부에는 팔공산 연장부가[.] 남부에는 1[.]000m 전후의 성현산지가 가로막고 있다. 남천이 흐르는 남천분지와 관란천이 흐르는 관란천분지[.] 그리고 중앙부의 낮은 구릉지가 발달한 금호강 유역 퇴적평야는 경상북도 제1의 평야이다.,http://www.gbgs.go.kr/open_content/tour/index.do
경상북도,군위,22924,36.2428355,128.5727702,경상북도 군위,35,5,https://tong.visitkorea.or.kr/cms/resource/04/1613404_image2_1.jpg,북쪽으로 의성군[.] 동쪽으로 영천시[.] 서쪽으로 구미시[.] 남쪽으로 대구광역시·칠곡군에 접한다. 남북이 짧고 동서가 길어 삼각형의 형태를 이루며[.] 삼각형 밑변에 해당하는 쪽이 북쪽에 면하며 꼭짓점이 남쪽을 향한다. 1읍 7면으로 이루어져 있으며[.] 군청소재지는 군위군 군위읍 동부리 229번지이다.,http://www.gunwi.go.kr/tour/
경상북도,의성,51099,36.3526576,128.6970053,경상북도 의성,35,19,https://tong.visitkorea.or.kr/cms/resource/22/721322_image2_1.jpg,동경 128°05′~ 128°54′[.] 북위 36°11′~ 36°32′에 위치하고 있다. 동쪽은 안동시·청송군[.] 서쪽은 상주시[.] 남쪽은 군위군·구미시[.] 북쪽은 안동시·예천군과 접하고 있다. 경상북도 중앙에 위치하여 도내 시군과의 직선거리가 울진군을 제외하면 모두가 80km 이내의 거리이며 육로상의 거리도 도로망의 발달로 점차 단축되고 있다.,http://tour.usc.go.kr/
경상북도,청송,24784,36.4359045,129.05710770000002,경상북도 청송,35,21,https://tong.visitkorea.or.kr/cms/resource/84/2616884_image2_1.jpg,동쪽은 영덕군·포항시[.] 서쪽은 안동시·의성군·군위군[.] 남쪽은 포항시·영천시[.] 북쪽은 영양군에 접한다. 1읍 7면으로 이루어져 있으며[.] 군청 소재지는 청송군 청송읍 월막리 330번지이다. 군을 상징하는 꽃은 사과꽃이고[.] 나무는 소나무[.] 새는 꿩[.] 동물은 수달이다.,https://www.cs.go.kr/tour.web
경상북도,영양,16411,36.6666558,129.1124007,경상북도 영양,35,13,https://tong.visitkorea.or.kr/cms/resource/37/2704937_image2_1.jpg,북쪽은 봉화군·울진군[.] 동쪽은 영덕군·울진군[.] 서쪽은 봉화군·안동시[.] 남쪽은 청송군과 접한다. 지질은 경상계(慶尙系) 퇴적암으로 신라통(新羅統)에 속하여 혈암·사암·역암 등으로 구성되어 있다. 경상북도 내에서 가장 높은 지형을 이루는 영양군은 북쪽의 일월산(日月山:1[.]219m) 및 통고산(通高山:1[.]066m)[.] 동쪽의 백암산(白岩山:1[.]004m) 등 1[.]000m가 넘는 태백산맥의 지맥이 군의 3면을 둘러싸고 있다.,http://tour.yyg.go.kr/
경상북도,영덕,35779,36.4150799,129.36596809999998,경상북도 영덕,35,12,https://tong.visitkorea.or.kr/cms/resource/13/2026513_image2_1.jpg,북쪽은 울진군[.] 서쪽은 영양군·청송군[.] 남쪽은 포항시와 접경하고 동쪽은 동해에 면한다.군의 전지역이 태백산맥의 동사면을 차지하여 서쪽이 높고 동쪽으로 점차 낮아지는 지형을 이룬다. 서쪽의 군경계는 태백산맥의 분수령이며 칠보산(七寶山)·등운산(騰雲山)·독경산(讀經山)·형제봉·명동산(明童山:812m)·삿갓봉·마고산·바데산 등 높은 산이 연봉을 이룬다.,http://tour.yd.go.kr/
경상북도,청도,41847,35.6472706,128.7339107,경상북도 청도,35,20,https://tong.visitkorea.or.kr/cms/resource/66/582766_image2_1.jpg,동쪽은 경주시[.] 서쪽은 대구광역시[.] 남쪽은 경상남도 창녕군·밀양시와 울산광역시[.] 북쪽은 경산시· 대구광역시와 접한다. 2읍 7면으로 이루어져 있으며[.] 군을 상징하는 꽃은 철쭉이고[.] 나무는 감나무[.] 새는 까치이다.,http://www.cheongdo.go.kr/open.content/tour
경상북도,고령,30927,35.7261415,128.262953,경상북도 고령,35,3,https://tong.visitkorea.or.kr/cms/resource/14/2629214_image2_1.bmp,동쪽은 대구광역시·경상남도 창녕군[.] 남쪽과 서쪽은 경상남도 합천군[.] 북쪽은 경상북도 성주군과 각각 접한다.군의 동쪽 경계를 흐르는 낙동강으로부터 대가야읍까지는 북동∼남서로 경상계(慶尙系) 낙동통(洛東統)이 띠 모양으로 발달하여 화강암과 화강편마암이 부정합으로 덮여 있으며[.] 소백산맥의 일맥인 가야산지(伽倻山地)가 북서~남동으로 뻗어 문수산(文壽山) 및 대가야읍과 쌍림면(雙林面)[.] 합천군 야로면(冶爐面)의 경계가 되는 미숭산(美崇山:757m) 등 구릉성 산지를 이루고[.] 다시 동쪽으로 뻗어 구순산·현주산을 이루며[.] 수도산 일맥이 남쪽으로 내려와 동쪽으로 뻗어 비봉산이 되고[.] 다시 남으로 뻗어 성산면(星山面)과 대가야읍의 경계를 이루는 금산(錦山:790m)을 이룬다.,http://tour.goryeong.go.kr
경상북도,성주,42964,35.9190079,128.28297379999998,경상북도 성주,35,10,https://tong.visitkorea.or.kr/cms/resource/77/1403277_image2_1.jpg,동쪽은 낙동강을 건너서 대구광역시 달성군과 경상북도 칠곡군[.] 북서쪽은 김천시[.] 남쪽은 고령군[.] 남서쪽은 가야산(伽倻山)[.] 경상남도 합천군과 접한다.소백산맥의 줄기인 가야산이 남서쪽을 달리고 있어 깊은 골짜기를 이루고 있고[.] 가천(伽川) 연안 일대는 관개가 잘 되어 있다. 이천(伊川)은 군의 중앙부를 꿰뚫고 낙동강에 흘러들어가며[.] 연안지역은 비옥하여 농산물이 잘 자란다. 북서쪽 산악지대에도 경작지가 많다.,http://www.sj.go.kr/tour/
경상북도,칠곡,114016,35.9953059,128.4015434,경상북도 칠곡,35,22,https://tong.visitkorea.or.kr/cms/resource/20/1055520_image2_1.jpg,동쪽은 군위군과 대구광역시[.] 서쪽은 성주군·김천시[.] 남쪽은 대구광역시[.] 북쪽은 구미시와 접한다. 총면적이 451㎢로 경상북도 면적의 2％를 차지하며[.] 행정구역은 3개 읍 5개 면으로 이루어져 있다. 군의 동부는 가산(架山:902m)·황학산(黃鶴山:782m)·소학산(巢鶴山:622m)·유학산(遊鶴山:839m)으로 이어지는 팔공산맥(八公山脈)의 서쪽 끝에 해당하며[.] 중생대(中生代) 낙동통(洛東統)의 퇴적암이 대부분을 이룬다. 금오산(金烏山:977m)·영암산(鈴岩山:782m)·서진산(棲鎭山:742m)이 솟아 있는 서부는 고생대(古生代)의 편마암이 분포하며[.] 남북방향으로 관류하는 낙동강(洛東江)의 양안(兩岸)에는 북삼읍(北三邑)·석적읍(石積邑)·약목면(若木面)·왜관읍을 중심으로 비교적 넓은 충적평야가 형성되어 있다.,https://www.chilgok.go.kr/tour/main.do
경상북도,예천,55784,36.6577004,128.4528808,경상북도 예천,35,16,https://tong.visitkorea.or.kr/cms/resource/89/2034889_image2_1.jpg,동경 128°15′~128°37′[.] 북위 36°27′~36°51′에 있다. 동쪽은 안동시·영주시[.] 남쪽은 의성군·상주시[.] 서쪽은 문경시와 접하고 북쪽은 충청북도 단양군과 경계를 이룬다. 행정구역은 1읍 11면으로 이루어졌으며[.] 군청 소재지는 경상북도 예천군 예천읍 대심리에 있다. 동북쪽에는 소백산맥의 산악지대로 형성되어 있고 서남쪽에는 낙동강과 내성천변에 일부 평야를 이루고 있다.,http://tour.ycg.kr/open.content/ko/
경상북도,봉화,31084,36.8930933,128.7323752,경상북도 봉화,35,8,https://tong.visitkorea.or.kr/cms/resource/93/1737993_image2_1.jpg,동쪽으로 울진군·영양군[.] 서쪽으로 영주시[.] 남쪽으로 안동시[.] 북쪽으로 강원도 영월군·태백시·삼척시와 접한다. 동서간 연장거리 43㎞[.] 남북간 연장거리 40㎞이다. 1읍 9면으로 이루어져 있으며[.] 군청 소재지는 봉화군 봉화읍 내성리 537번지이다.,http://www.bonghwa.go.kr/open.content/tour/
경상북도,울진,48206,36.9930661,129.4004195,경상북도 울진,35,18,https://tong.visitkorea.or.kr/cms/resource/22/2395322_image2_1.jpg,동경 129°4'~129°29'[.] 북위 36°38'~37°8'의 경상북도 최동북단에 있다. 북쪽은 갈령산을 경계로 강원도 삼척시 원덕읍과 접하고[.] 서쪽은 봉화군 낙동강 조항천을 경계로 소천면과 접하며[.] 남서쪽은 일월산맥과 고초령 백암산을 경계로 영양군 수비면·일월면과 접한다. 남쪽은 등운산을 경계로 영덕군 병곡면과 접하며[.] 동쪽은 동해와 맞닿는다. 행정구역은 2읍 8면으로 이루어져 있다.,http://www.uljin.go.kr/tour/index.uljin
경상북도,울릉,8990,37.4844171,130.90580020000002,경상북도 울릉,35,17,https://tong.visitkorea.or.kr/cms/resource/74/2547574_image2_1.jpg,동경 130˚48′~131°52′[.] 북위 37˚14′~37°33′에 있다. 동해상에 격리된 울릉도와 그 부속도인 관음도·죽도·독도 및 삼선암·공암·죽암·청도·북저암·촉대암 등의 바위섬으로 이루어졌다. 주도인 울릉도는 울릉군 총면적의 98%를 차지한다. 포항에서 북동쪽으로 직선거리 210km[.] 죽변항에서 140km 떨어져 있다. 육지(강원도 삼척시 원덕읍 임원리)와 최단거리는 137㎞이다.,http://www.ulleung.go.kr/tour/
경상남도,창원,1034527,35.2279868,128.68181429999998,경상남도 창원,36,16,https://tong.visitkorea.or.kr/cms/resource/16/2043316_image2_1.jpg,기존의 창원시와 마산시·진해시가 통합하여 면적은 743.77㎢에 이른다. 동쪽으로는 김해시·부산광역시[.] 북쪽으로는 밀양시·창녕군·함안군[.] 서쪽으로는 진주시·고성군[.] 남쪽으로는 마산만·진해만과 접하고 거제시를 마주보고 있다. 동쪽에서 서쪽으로 늘어서 있는 무학산·천주산·불모산 등은 지리산 영신봉에서 낙동강 남쪽을 가로질러 김해시 분성산으로 이어지는 낙남정맥(洛南正脈)의 일부를 이룬다.,http://culture.changwon.go.kr/index.changwon?contentId=9
경상남도,진주,347204,35.179981700000006,128.1076213,경상남도 진주,36,13,https://tong.visitkorea.or.kr/cms/resource/56/1611556_image2_1.jpg,수리적(數理的)으로 동경 127°53′∼128°22′북위 35°03′∼35°26′에 있다. 동쪽은 함안군·창원시[.] 서쪽은 하동군[.] 남쪽은 사천시·고성군[.] 북쪽은 산청군·의령군에 접한다.,https://www.jinju.go.kr/tour.web
경상남도,통영,126413,34.8544227,128.43318200000002,경상남도 통영,36,17,https://tong.visitkorea.or.kr/cms/resource/30/2363530_image2_1.jpg,동경 128°07′∼128°44′[.] 북위 34°30′∼34°58′에 있다. 행정구역은 1개 읍[.] 6개 면[.] 11개 동으로 이루어져 있다. 해안선의 총길이는 617km로서 유인도 41개[.] 무인도 109개의 총 150개의 부속도서가 있다.,https://www.utour.go.kr/utour.web
경상남도,사천,110414,35.00377879999999,128.064185,경상남도 사천,36,8,https://tong.visitkorea.or.kr/cms/resource/10/1611410_image2_1.jpg,동경 127°54′∼128°11′[.] 북위 34°56′∼35°09′에 위치하고 있다. 동쪽으로 고성군[.] 서쪽으로 하동군[.] 남쪽으로 남해군[.] 북쪽으로 진주시에 접한다. ,http://www.toursacheon.net/homepage/Kor/index.jsp
경상남도,김해,539841,35.2285451,128.8893517,경상남도 김해,36,4,https://tong.visitkorea.or.kr/cms/resource/10/1921410_image2_1.jpg,동경 128°49′~ 128°56′[.] 북위 35°10′~ 35°17′에 위치하고 있다. 북쪽은 낙동강을 경계로 밀양시·양산시과 접하고[.] 동쪽은 낙동강 건너 양산시·부산광역시 강서구[.] 남쪽은 창원시 진해구[.] 서쪽은 창원시 의창구·성산구에 접하고 있다.,http://tour.gimhae.go.kr/main/
경상남도,밀양,104070,35.5037598,128.7464415,경상남도 밀양,36,7,https://tong.visitkorea.or.kr/cms/resource/96/2666896_image2_1.jpg,동경 128°34′∼129°01′[.] 북위 35°21′∼35°38′에 위치하고 있다. 북쪽으로 경상북도 청도군[.] 동쪽으로 양산시·울산광역시 울주군[.] 남쪽으로 김해시·창원시[.] 서쪽으로 창녕군에 접한다. 일찍이 문화가 발달하여 많은 학자들을 배출했으며 부산과 대구의 중간에 위치한 교통의 요충지로서 다른 지역과의 교역이 활발하여 근대화 과정이 빠르게 이루어졌다.,https://www.miryang.go.kr/tur/index.do
경상남도,거제,243200,34.8806427,128.6210824,경상남도 거제,36,1,https://tong.visitkorea.or.kr/cms/resource/93/2612893_image2_1.jpg,동경 128°27′∼128°46′[.] 북위 34°40′∼35°03′에 위치한다. 바다를 사이에 두고 북쪽으로 창원시·고성군[.] 서쪽으로 통영시를 마주하고[.] 남·동쪽으로 남해에 면한다.,http://tour.geoje.go.kr/index.geoje
경상남도,양산,353686,35.33500720000001,129.0371689,경상남도 양산,36,10,https://tong.visitkorea.or.kr/cms/resource/01/1228701_image2_1.jpg,북동쪽은 울산광역시[.] 남동쪽은 부산광역시 기장군과 금정구[.] 남서쪽은 김해시[.] 북서쪽은 밀양시에 접한다. 시청 소재지는 양산시 남부동이다.,http://www.yangsan.go.kr/tour/main.do
경상남도,의령,26526,35.3221896,128.261658,경상남도 의령,36,12,https://tong.visitkorea.or.kr/cms/resource/72/2689572_image2_1.jpg,동경 128°07′~ 128°26′~ 북위 35°15′~ 35°31′에 위치하고 있다. 지형은 동서가 길고 남북이 짧은 타원형으로 군의 연장거리는 동서간 32㎞이고 남북간 27㎞에 달한다. ,http://www.uiryeong.go.kr/tour/index.uiryeong
경상남도,함안,63157,35.2725591,128.4064797,경상남도 함안,36,19,https://tong.visitkorea.or.kr/cms/resource/04/724504_image2_1.jpg,북쪽으로 낙동강(洛東江)·남강(南江)을 끼고 창녕군·의령군과 접하고[.] 동쪽으로 창원시[.] 남쪽으로 진주시[.] 서쪽으로 의령군에 접한다.,https://www.haman.go.kr/tour.web
경상남도,창녕,60754,35.5445563,128.4922143,경상남도 창녕,36,15,https://tong.visitkorea.or.kr/cms/resource/97/1803897_image2_1.jpg,동쪽은 밀양시와 경상북도 청도군[.] 서쪽은 합천군·의령군[.] 남쪽은 함안군·창원시[.] 북쪽은 대구광역시와 경상북도 고령군에 접한다. 2읍 12면으로 이루어져 있으며[.] 군청 소재지는 창녕군 창녕읍 교리 1번지이다. 군을 상징하는 꽃은 가시연꽃이고[.] 나무는 은행나무[.] 새는 따오기이다.,http://www.cng.go.kr/tour.web
경상남도,고성,50933,34.973149,128.3222456,경상남도 고성,36,3,https://tong.visitkorea.or.kr/cms/resource/91/1611191_image2_1.jpg,북동쪽으로 마산시[.] 서쪽으로 사천시[.] 남쪽으로 통영시[.] 북쪽으로 진주시에 접하며[.] 남동쪽과 남서쪽은 한려수도에[.] 북동부는 진해만의 지만인 배둔만에 면한다. 고성반도 기부의 해안 지역과 유인도 2개[.] 무인도 21개의 부속도서로 이루어져 있다.,https://visit.goseong.go.kr/index.goseong
경상남도,남해,42650,34.8376721,127.8924234,경상남도 남해,36,5,https://tong.visitkorea.or.kr/cms/resource/12/1991512_image2_1.jpg,동쪽은 통영시[.] 서쪽은 한려수도를 사이에 두고 전라남도 광양시·여수시[.] 북쪽은 사천시·하동군과 접하고[.] 남쪽은 남해에 면한다. 1읍 9면으로 구성되어 있다.,http://tour.namhae.go.kr/main.web
경상남도,하동,44065,35.0672108,127.7512687,경상남도 하동,36,18,https://tong.visitkorea.or.kr/cms/resource/78/177178_image2_1.jpg,동쪽으로 진주시와 사천시[.] 북쪽으로 산청군·함양군과 전라북도 남원시와 접하고[.] 남쪽으로 남해를 사이에 두고 남해군과 마주하며[.] 서쪽으로는 섬진강(蟾津江)과 통꼭봉(905m)·불무장등(不無長嶝:1446m) 등의 연봉을 경계로 전라남도 구례군·광양시와 각각 접한다. 행정구역은 1개 읍과 12개 면으로 이루어져 있다.,https://www.hadong.go.kr/tour.web
경상남도,산청,34587,35.4155885,127.8734981,경상남도 산청,36,9,https://tong.visitkorea.or.kr/cms/resource/00/2658500_image2_1.jpg,동쪽은 합천군과 의령군[.] 서쪽은 함양군[.] 남쪽은 진주시와 하동군[.] 북쪽은 거창군과 접하고 있다. 동경 127°41′∼128°07′[.] 북위 35°13′∼35°34′에 위치한다. 면적은 794.83㎢이고[.] 인구는 3만 6071명(2015년 현재)이다. 행정구역으로는 1개 읍[.] 10개 면[.] 285개 행정리(119개 법정리)가 있다. 군청은 경상남도 산청군 산청읍 옥산리에 있다.,http://www.sancheong.go.kr/tour/index.do
경상남도,함양,38793,35.5204614,127.7251763,경상남도 함양,36,20,https://tong.visitkorea.or.kr/cms/resource/86/1612686_image2_1.jpg,남동쪽으로 산청군[.] 북동쪽으로 거창군[.] 북서쪽으로 전라북도 장수군[.] 남쪽으로 하동군[.] 남서쪽으로 전라북도 남원시와 접한다.,https://www.hygn.go.kr/tour.web
경상남도,거창,61555,35.6867229,127.9095155,경상남도 거창,36,2,https://tong.visitkorea.or.kr/cms/resource/76/2720276_image2_1.JPG,동쪽으로 합천군[.] 북쪽으로 경상북도 김천시와 전라북도 무주군[.] 남쪽으로 산청군[.] 서쪽으로 함양군과 접한다.,http://www.geochang.go.kr/tour/Index.do
경상남도,합천,43465,35.56657579999999,128.16579950000002,경상남도 합천,36,21,https://tong.visitkorea.or.kr/cms/resource/48/2690648_image2_1.jpg,동경 128°22′[.] 북위 35°48′에 있다. 경상남도 서북부의 산간내륙 지대로서 동쪽으로 낙동강을 경계로 창녕군[.] 남동쪽으로 의령군[.] 북쪽으로 경상북도 성주군·고령군[.] 남서쪽으로 산청군[.] 서쪽으로 거창군에 접한다.,https://www.hc.go.kr/tour.web
경상남도,마산,368899,35.213516,128.581433,경상남도 마산,36,6,https://search.pstatic.net/common/?src=http%3A%2F%2Fimgnews.naver.net%2Fimage%2F002%2F2020%2F08%2F07%2F0002145397_003_20200807172135928.jpg&type=sc960_832,"창원시 서부 지역을 가리키는 지명이자 과거 경상남도 중부에 있던 도시. 역사적으로 창원부의 영역이었으며 1899년 개항장으로 지정되었다. 1910년 경술국치 때 창원부가 마산부로 개칭되고, 1914년 마산부의 영역을 개항장(마산합포구 일대 구시가지) 일대로 축소시키고 잔여지역을 창원군으로 분리시켰다. 그 후 2010년 7월 전까지 창원과 별개의 도시로 성장하였다. 2011년 조사 인구는 약 41만 명. 1990년에 50만[10]으로 합포구, 회원구로 갈라지면서 정점을 찍었지만 이후 95년 도농통합직전 35만으로 대폭 줄어들었던 적이 있었다. 그러나 1998년경 내서 택지지구 개발으로 다시 40만을 넘어섰지만, 감소세는 계속되고 있는 상태다. 2010년 통계에서는 인구 수 감소 속도가 가장 빠른 도시로 지목되기도 했다. 내서를 제외하고 마산 시내만을 보면 1990년 49만 명에 달하던 인구가 2018년에는 약 40만 명으로 감소했다.",https://www.changwon.go.kr/gu/contents.do?mId=0301010000
경상남도,진해,193430,35.1330251,128.7100381,경상남도 진해,36,14,https://w.namu.la/s/759c45c1fcb0541abaa3207b994c95835cb5f290fb2062929e5feef2b904b61e16a87e81fac4f8d4df05e60e139bdafbfdeb8a258aa7622b95e6549152cb43314b15b451198c3248a2d109bda87e3843a85b38f73a27ee3ff720c5222b53ea8c7df4eb9ce54112769cf2e39e7c267863,2010년 7월 1일 마산시·창원시·진해시가 통합하여 창원시가 출범하면서 신설된 구이다. 동쪽은 부산광역시 강서구와[.] 북쪽은 성산구·김해시와 접하고[.] 서쪽은 마산만을 사이에 두고 마산합포구와[.] 남쪽은 진해만을 사이에 두고 거제시와 마주한다.,https://www.changwon.go.kr/gu/contents.do?mId=0501010000
제주도,제주,492627,33.4996213,126.5311884,제주도 제주,39,4,https://tong.visitkorea.or.kr/cms/resource/04/2658504_image2_1.jpeg,"한국·중국·일본 등 극동 지역의 중앙부에 있어 지정학적으로도 중요하며, 도 전체가 바다로 둘러싸였다. 수리적(數理的)으로는 동경 126°08'∼126°58', 북위 33°06'∼34°00'에 위치한다. 북단은 북위 34°00'의 제주시 추자면 대서리이며, 남단은 북위 33°06'의 서귀포시 대정읍 마라도다. 한국 최남단에 있는 도로서, 제주도를 포함해 9개의 유인도와 55개의 무인도로 이루어졌다. 이 가운데 유인도는 우도·상추자도·하추자도·비양도·횡간도·추포도·가파도·마라도이다. 남북 간의 거리가 약 31㎞, 동서간의 거리가 약 73㎞로 동서로 가로놓인 모양이다. 러시아·중국 등의 대륙과 일본·동남아 등지를 연결하는 요충지이며, 천혜의 자연경관이 수려한 세계적인 휴양관광지다.",https://ijto.or.kr/korean/
제주도,서귀포,182666,33.2541205,126.560076,제주도 서귀포,39,3,https://tong.visitkorea.or.kr/cms/resource/47/2615547_image2_1.bmp,북쪽으로 한라산 정상부인 백록담을 경계로 제주시[.] 동쪽과 서쪽 및 남쪽으로 동중국해에 면한다. 12동[.] 3읍[.] 2면으로 이루어져 있고 서귀포시 중앙로 308번지(서홍동 440-1)에 제1청사가[.] 서귀포시 시청로 73번지(법환동 731)에 제2청사가 있다.,https://www.visitjeju.net/kr
